id,conversation_id,created_at,date,time,timezone,user_id,username,name,place,tweet,language,mentions,urls,photos,replies_count,retweets_count,likes_count,hashtags,cashtags,link,retweet,quote_url,video,thumbnail,near,geo,source,user_rt_id,user_rt,retweet_id,reply_to,retweet_date,translate,trans_src,trans_dest
1426160871126953989,1426160871126953989,2021-08-13 12:37:03 UTC,2021-08-13,12:37:03,+0000,1259215707817955328,cho_wilfred,Wilfred Cho,,MonthlyUp20 $PPC $27.16 19.75% 27.63% 26.74% 10.18% 77.75 $PTSI $69.30 0.00% 6.80% 26.02% 19.28% 71.79 $RCII $65.00 0.14% 11.72% 25.73% 10.11% 75.79 $SNAP $75.12 -0.19% -1.13% 20.25% 40.96% 57.32 $TEAM $338.04 0.00% 1.06% 30.41% 50.61% 74.08,in,[],[],[],0,0,0,[],"['ppc', 'ptsi', 'rcii', 'snap', 'team']",https://twitter.com/cho_wilfred/status/1426160871126953989,False,,0,,,,,,,,[],,,,
1426160865020039173,1426160865020039173,2021-08-13 12:37:01 UTC,2021-08-13,12:37:01,+0000,1259215707817955328,cho_wilfred,Wilfred Cho,,QuarterUp40 $NET $122.25 0.02% 2.89% 17.12% 71.48% 62.82 $SNAP $75.12 -0.19% -1.13% 20.25% 40.96% 57.32 $SNOW $285.67 -0.21% 2.95% 13.12% 41.80% 64.38 $STFC $49.90 -0.12% -0.26% -0.42% 174.18% 85.17 $TEAM $338.04 0.00% 1.06% 30.41% 50.61% 74.08,en,[],[],[],0,0,0,[],"['net', 'snap', 'snow', 'stfc', 'team']",https://twitter.com/cho_wilfred/status/1426160865020039173,False,,0,,,,,,,,[],,,,
1426158538133491712,1426158538133491712,2021-08-13 12:27:46 UTC,2021-08-13,12:27:46,+0000,947938357014917120,javiaf2,javiaf,,"$SNAP Snapchat  Parece que consolida el subid√≥n de los earnings en la parte alta.  Comprimiendo precio, poco volumen‚Ä¶. üí• üöÄ  https://t.co/fYh9hQUYrM",es,[],[],['https://pbs.twimg.com/media/E8q7mjvX0AA5uo5.jpg'],0,0,0,[],['snap'],https://twitter.com/javiaf2/status/1426158538133491712,False,,1,https://pbs.twimg.com/media/E8q7mjvX0AA5uo5.jpg,,,,,,,[],,,,
1426158362979414016,1426158362979414016,2021-08-13 12:27:05 UTC,2021-08-13,12:27:05,+0000,1312083733621735424,baystballer1,BayStBaller,,sighhh you mofo's actually going to make me do DD on $SNAP,en,[],[],[],0,0,0,[],['snap'],https://twitter.com/BayStBaller1/status/1426158362979414016,False,,0,,,,,,,,[],,,,
1426156670502244356,1426156670502244356,2021-08-13 12:20:21 UTC,2021-08-13,12:20:21,+0000,1350913509379493890,hedgyanalytics,Hedgy,,$SNAP is on our #StocksToWatch list. Our #StockReport shows that Snap is viewed as an industry outperformer by #WallStreet analysts and it has poor quality financial statements. Link to Report:  https://t.co/Yq7DJKhst6  https://t.co/Zt7byp38QX,en,[],['https://www.HedgyAnalytics.com/HedgyReport/SNAP'],['https://pbs.twimg.com/media/E8q57uTXEAYL2LJ.jpg'],0,0,0,"['stockstowatch', 'stockreport', 'wallstreet']",['snap'],https://twitter.com/HedgyAnalytics/status/1426156670502244356,False,,1,https://pbs.twimg.com/media/E8q57uTXEAYL2LJ.jpg,,,,,,,[],,,,
1426153437742342144,1426153437742342144,2021-08-13 12:07:30 UTC,2021-08-13,12:07:30,+0000,1374931020919660544,jecika80252462,Jecika,,Have a great weekend everyone! üôÇ  Got a chart request? Comment below!üí™  $NVDA $AAPL $FB $AMZN $GOOGL $NFLX $TWTR $SNAP $PYPL $SQ $AMD $PINS $RBLX $VZ $DISC $VIAC $TME $AMC $GME $GRPO $NBRV $ORPH $EXPR  $TIGR $ZS $EYEN $ZS $DOGE $BTC $BTC.X $ETH.X  https://t.co/FE5cbgk7kH,en,[],[],['https://pbs.twimg.com/media/E8q2_gAX0AE9G3R.jpg'],0,1,1,[],"['nvda', 'aapl', 'fb', 'amzn', 'googl', 'nflx', 'twtr', 'snap', 'pypl', 'sq', 'amd', 'pins', 'rblx', 'vz', 'disc', 'viac', 'tme', 'amc', 'gme', 'grpo', 'nbrv', 'orph', 'expr', 'tigr', 'zs', 'eyen', 'zs', 'doge', 'btc', 'btc.x', 'eth.x']",https://twitter.com/Jecika80252462/status/1426153437742342144,False,,1,https://pbs.twimg.com/media/E8q2_gAX0AE9G3R.jpg,,,,,,,[],,,,
1426153322646441990,1426153322646441990,2021-08-13 12:07:03 UTC,2021-08-13,12:07:03,+0000,1259215707817955328,cho_wilfred,Wilfred Cho,,MonthlyUp20 $PPC $27.23 20.06% 27.96% 27.06% 10.47% 77.91 $PTSI $69.30 0.00% 6.80% 26.02% 19.28% 71.79 $RCII $65.00 0.14% 11.72% 25.73% 10.11% 75.79 $SNAP $75.37 0.15% -0.80% 20.65% 41.43% 57.86 $TEAM $338.05 0.00% 1.06% 30.41% 50.62% 74.08,in,[],[],[],0,0,0,[],"['ppc', 'ptsi', 'rcii', 'snap', 'team']",https://twitter.com/cho_wilfred/status/1426153322646441990,False,,0,,,,,,,,[],,,,
1426153315847397380,1426153315847397380,2021-08-13 12:07:01 UTC,2021-08-13,12:07:01,+0000,1259215707817955328,cho_wilfred,Wilfred Cho,,QuarterUp40 $NET $122.50 0.22% 3.10% 17.36% 71.83% 63.13 $SNAP $75.37 0.15% -0.80% 20.65% 41.43% 57.86 $SNOW $285.09 -0.42% 2.74% 12.89% 41.51% 63.82 $STFC $49.90 -0.12% -0.26% -0.42% 174.18% 85.17 $TEAM $338.05 0.00% 1.06% 30.41% 50.62% 74.08,en,[],[],[],0,0,0,[],"['net', 'snap', 'snow', 'stfc', 'team']",https://twitter.com/cho_wilfred/status/1426153315847397380,False,,0,,,,,,,,[],,,,
1426151552549523457,1426151552549523457,2021-08-13 12:00:01 UTC,2021-08-13,12:00:01,+0000,1336316962570260481,alwaysatrader,James Cooper üìàüí∞,,Congratulations to all who followed our playsüí∏üëè  $AAPL   $TSLA   $AMZN   $FB   üéØ~Chat-Room details in Bio~üéØ  Welcome !  $NFLX $AMD $SPY $MSFT $NIO $NVDA $TWTR $BB $NOK $QQQ $AMC $GME $SNAP $PLTR $CCIV $PLUG $SQ $GE $ZOM $F $SPCE $FCEL $ACB $OCGN $WHS $SHOP $TLRY $MU  #stocks  https://t.co/xbRvMAYG5S,en,[],[],['https://pbs.twimg.com/media/E8qlar_UcAQo29V.jpg'],0,0,0,['stocks'],"['aapl', 'tsla', 'amzn', 'fb', 'nflx', 'amd', 'spy', 'msft', 'nio', 'nvda', 'twtr', 'bb', 'nok', 'qqq', 'amc', 'gme', 'snap', 'pltr', 'cciv', 'plug', 'sq', 'ge', 'zom', 'f', 'spce', 'fcel', 'acb', 'ocgn', 'whs', 'shop', 'tlry', 'mu']",https://twitter.com/Alwaysatrader/status/1426151552549523457,False,,1,https://pbs.twimg.com/media/E8qlar_UcAQo29V.jpg,,,,,,,[],,,,
1426148117741641735,1426143926591705104,2021-08-13 11:46:22 UTC,2021-08-13,11:46:22,+0000,780169794225999872,janetisaac8,Janet Zic‚ù§Ô∏è,,@BrianaG39834006 @snapchatsupport @Snapchat @Snap Keep calm ..talk to @GageDavis3 on TWITTER ..they can help you with your disabled ..suspended ..locked banned..hacked account recovered   .. or #Lod_teq_ on INSTAGRAM..üëç,en,"[{'screen_name': 'gagedavis3', 'name': 'ùïÉùïÜùîª_ùïãùîº‚Ñö ‚ÑÇùïêùîπùîº‚Ñù üë®üèª\u200düíª', 'id': '919540188'}]",[],[],0,0,0,['lod_teq_'],[],https://twitter.com/janetisaac8/status/1426148117741641735,False,,0,,,,,,,,"[{'screen_name': 'BrianaG39834006', 'name': 'Briana Garcia', 'id': '1280067135675359234'}, {'screen_name': 'snapchatsupport', 'name': 'Snapchat Support', 'id': '2409543974'}, {'screen_name': 'Snapchat', 'name': 'Snapchat', 'id': '376502929'}, {'screen_name': 'Snap', 'name': 'Snap Inc.', 'id': '751560747566510081'}]",,,,
1426147270127325186,1425873208599715844,2021-08-13 11:43:00 UTC,2021-08-13,11:43:00,+0000,58652546,martychargin,Marty Chargin,,"@fedprinter1 @Banker_L83 $SNAP  Broke out of a three-year consolidation period last October &amp; is acting well ever since. Recently the stock gapped higher on earnings &amp; formed a ""shelf"" or flag pattern. The volume has been drying up. It closed at its 10ema Thursday! A $115 billion market cap company!  https://t.co/L6fYZUQaah",en,[],[],"['https://pbs.twimg.com/media/E8qw8LKVUAcvt0g.jpg', 'https://pbs.twimg.com/media/E8qw9OiVUAIdGQZ.jpg', 'https://pbs.twimg.com/media/E8qw-NuUUAUmCxa.jpg']",0,0,0,[],['snap'],https://twitter.com/MartyChargin/status/1426147270127325186,False,,1,https://pbs.twimg.com/media/E8qw8LKVUAcvt0g.jpg,,,,,,,"[{'screen_name': 'fedprinter1', 'name': 'fedprinter', 'id': '1346533413453369344'}, {'screen_name': 'Banker_L83', 'name': 'Lauren', 'id': '758313302791520260'}]",,,,
1426146718744293376,1426146718744293376,2021-08-13 11:40:48 UTC,2021-08-13,11:40:48,+0000,1113567774930956288,iluvstocks1,Vegasüé∞,,$WISH $SNAP $UAA $PINS  my thoughts on growth stocks  https://t.co/ggCxpDMwnt,en,[],[],[],7,6,38,[],"['wish', 'snap', 'uaa', 'pins']",https://twitter.com/iluvstocks1/status/1426146718744293376,False,,1,https://pbs.twimg.com/ext_tw_video_thumb/1426146623575429125/pu/img/uzylESjbDtSEVGMg.jpg,,,,,,,[],,,,
1426144958705278977,1426144958705278977,2021-08-13 11:33:49 UTC,2021-08-13,11:33:49,+0000,1218208096889208834,jpatrades,John Trades,,Last chance to get your name in! üòÉ  $AMC $DDD $MVST $GME $AMD $NVDA $AMZN $RBLX $SNAP $BA $TSLA $PLTR $SQ $AAPL $COIN $FB $DKNG $PLUG $NFLX $NIO #FinTwitt #investing #stockmarketnews #fintwit #invest,en,[],[],[],6,0,0,"['fintwitt', 'investing', 'stockmarketnews', 'fintwit', 'invest']","['amc', 'ddd', 'mvst', 'gme', 'amd', 'nvda', 'amzn', 'rblx', 'snap', 'ba', 'tsla', 'pltr', 'sq', 'aapl', 'coin', 'fb', 'dkng', 'plug', 'nflx', 'nio']",https://twitter.com/JPATrades/status/1426144958705278977,False,https://twitter.com/jpatrades/status/1425933589598900233,0,,,,,,,,[],,,,
1426143926591705104,1426143926591705104,2021-08-13 11:29:43 UTC,2021-08-13,11:29:43,+0000,1280067135675359234,brianag39834006,Briana Garcia,,@snapchatsupport @snapchat @snapchatsupport @Snap my account got completely deleted for no reason at all. I would love it if I can get a reply and get this resolved.,en,"[{'screen_name': 'snapchat', 'name': 'snapchat', 'id': '376502929'}, {'screen_name': 'snapchatsupport', 'name': 'snapchat support', 'id': '2409543974'}, {'screen_name': 'snap', 'name': 'snap inc.', 'id': '751560747566510081'}]",[],[],1,0,0,[],[],https://twitter.com/BrianaG39834006/status/1426143926591705104,False,,0,,,,,,,,[],,,,
1426142149444317187,1426142149444317187,2021-08-13 11:22:39 UTC,2021-08-13,11:22:39,+0000,1397605602021490689,joeljoe86530904,wallstreetbets-on-apes,,$ANVS OPERATION 30X BACK TO $132üöÄüöÄ $mrna $clov $gme $amc $spy $spce $tsla $sava $aapl $arct $pltr $nvda $tlry $rkt $ge $expr $sol $spy $dis $cs $coin $pfe $ge $nio $jnj $plug $amzn $aal $nok $bb $ccl $crtx $biib $hood $t $snap $nflx #ApeArmy #wallstreetbets #endalz¬† #Alzheimers,en,[],[],[],2,0,1,"['apearmy', 'wallstreetbets', 'endalz', 'alzheimers']","['anvs', 'mrna', 'clov', 'gme', 'amc', 'spy', 'spce', 'tsla', 'sava', 'aapl', 'arct', 'pltr', 'nvda', 'tlry', 'rkt', 'ge', 'expr', 'sol', 'spy', 'dis', 'cs', 'coin', 'pfe', 'ge', 'nio', 'jnj', 'plug', 'amzn', 'aal', 'nok', 'bb', 'ccl', 'crtx', 'biib', 'hood', 't', 'snap', 'nflx']",https://twitter.com/joeljoe86530904/status/1426142149444317187,False,https://twitter.com/kwhenfinance/status/1426080480647077888,0,,,,,,,,[],,,,
1426139394969247747,1426139394969247747,2021-08-13 11:11:42 UTC,2021-08-13,11:11:42,+0000,1071751038737166338,jayanta07749417,Jayanta,,$snap  Real price will come out soon; Follow price targets..........            https://t.co/DdUHroWUQ4,en,[],['http://discord.io/stock-market-watcher'],[],0,0,0,[],['snap'],https://twitter.com/Jayanta07749417/status/1426139394969247747,False,,0,,,,,,,,[],,,,
1426137072524566530,1426137072524566530,2021-08-13 11:02:29 UTC,2021-08-13,11:02:29,+0000,1364050294343090177,mediawards0,Ghana Media Personality Awards,,#GMPA21- 20th August @Snap Hall (AMA Auditorium) 7pm @maxtvgh @BMaxtv @977maxfm @AbsaGhana @fidelitybankgh @VodafoneGhana @MTNGhana @YonkoTv1 @AdonkoNextLevel @gtbank_help @GTBankGhana @RushEnergyGhana @twelliumghana @onua_zionfelix @VodafoneGhana @airteltigoghana @BBCNews  https://t.co/gzZlP9pT3Z,en,"[{'screen_name': 'snap', 'name': 'snap inc.', 'id': '751560747566510081'}, {'screen_name': 'maxtvgh', 'name': 'maxtvgh', 'id': '4558604836'}, {'screen_name': 'bmaxtv', 'name': 'b_maxtv', 'id': '1092923967361421318'}, {'screen_name': '977maxfm', 'name': '97.7 max fm', 'id': '237276258'}, {'screen_name': 'absaghana', 'name': 'absa bank ghana', 'id': '3256216479'}, {'screen_name': 'fidelitybankgh', 'name': 'fidelity bank ghana', 'id': '159513936'}, {'screen_name': 'vodafoneghana', 'name': 'vodafone ghana', 'id': '158344313'}, {'screen_name': 'mtnghana', 'name': 'mtn ghana', 'id': '226493139'}, {'screen_name': 'yonkotv1', 'name': 'yonko tv', 'id': '1855771009'}, {'screen_name': 'adonkonextlevel', 'name': 'adonko next level energy', 'id': '1405893638652112897'}, {'screen_name': 'gtbank_help', 'name': 'guaranty trust bank help', 'id': '720633474'}, {'screen_name': 'gtbankghana', 'name': 'gtbank (ghana) ltd.', 'id': '239453775'}, {'screen_name': 'rushenergyghana', 'name': 'rush energy ghana', 'id': '732890915774312449'}, {'screen_name': 'twelliumghana', 'name': 'twellium ghana', 'id': '2614397227'}, {'screen_name': 'onua_zionfelix', 'name': 'zionfelix.net', 'id': '412146746'}, {'screen_name': 'vodafoneghana', 'name': 'vodafone ghana', 'id': '158344313'}, {'screen_name': 'airteltigoghana', 'name': 'airteltigo ghana', 'id': '925718593026830336'}, {'screen_name': 'bbcnews', 'name': 'bbc news (uk)', 'id': '612473'}]",[],['https://pbs.twimg.com/media/E8qoF-NWUAQWxh0.jpg'],0,0,0,['gmpa21'],[],https://twitter.com/mediawards0/status/1426137072524566530,False,,1,https://pbs.twimg.com/media/E8qoF-NWUAQWxh0.jpg,,,,,,,[],,,,
1426135340629307393,1426135340629307393,2021-08-13 10:55:36 UTC,2021-08-13,10:55:36,+0000,1364050294343090177,mediawards0,Ghana Media Personality Awards,,#GMPA21- 20th August @Snap Hall (AMA Auditorium) 7pm @tvafricagh @YonkoTv1 @fidelitybankgh @fidelitybankgh @GTBankGhana @AdonkoNextLevel @clubbeer1931 @RushEnergyGhana @twelliumghana @francis_abban @Cowbellmilk @Indomie_Ghana @BloggingGhana @KobbyKyei_ @onua_zionfelix @ghkwaku1  https://t.co/XO7cJmU9i0,en,"[{'screen_name': 'snap', 'name': 'snap inc.', 'id': '751560747566510081'}, {'screen_name': 'tvafricagh', 'name': 'tv africa gh', 'id': '1552357098'}, {'screen_name': 'yonkotv1', 'name': 'yonko tv', 'id': '1855771009'}, {'screen_name': 'fidelitybankgh', 'name': 'fidelity bank ghana', 'id': '159513936'}, {'screen_name': 'fidelitybankgh', 'name': 'fidelity bank ghana', 'id': '159513936'}, {'screen_name': 'gtbankghana', 'name': 'gtbank (ghana) ltd.', 'id': '239453775'}, {'screen_name': 'adonkonextlevel', 'name': 'adonko next level energy', 'id': '1405893638652112897'}, {'screen_name': 'clubbeer1931', 'name': 'club beer üá¨üá≠', 'id': '4279505362'}, {'screen_name': 'rushenergyghana', 'name': 'rush energy ghana', 'id': '732890915774312449'}, {'screen_name': 'twelliumghana', 'name': 'twellium ghana', 'id': '2614397227'}, {'screen_name': 'francis_abban', 'name': 'francis abban on #morningstarr', 'id': '229062777'}, {'screen_name': 'cowbellmilk', 'name': 'cowbell milk', 'id': '861381462'}, {'screen_name': 'indomie_ghana', 'name': 'indomie ghana', 'id': '2676687086'}, {'screen_name': 'bloggingghana', 'name': 'bloggingghana', 'id': '526365465'}, {'screen_name': 'kobbykyei_', 'name': '#generationalthinker #blogger', 'id': '902246911'}, {'screen_name': 'onua_zionfelix', 'name': 'zionfelix.net', 'id': '412146746'}, {'screen_name': 'ghkwaku1', 'name': 'bloggerlifestyle', 'id': '2340355910'}]",[],['https://pbs.twimg.com/media/E8qmhbHWUAM_U1K.jpg'],0,0,0,['gmpa21'],[],https://twitter.com/mediawards0/status/1426135340629307393,False,,1,https://pbs.twimg.com/media/E8qmhbHWUAM_U1K.jpg,,,,,,,[],,,,
1426134018777665541,1426134018777665541,2021-08-13 10:50:21 UTC,2021-08-13,10:50:21,+0000,1364050294343090177,mediawards0,Ghana Media Personality Awards,,#GMPA21- 20th August @Snap Hall (AMA Auditorium) 7pm @Adomonline @adom_tv @Adom1063fm @adom @Asempa947_FM @BBCNews @luvfm995 @MTNGhana @Nhyira1045Fm @JoyNewsOnTV @Joy997FM @JoyFmNews @JoyPrimeTV @VodafoneGhana @FoxNews @johndumelo1 @AdonkoNextLevel @airteltigoghana  https://t.co/MixuhAOPnA,en,"[{'screen_name': 'snap', 'name': 'snap inc.', 'id': '751560747566510081'}, {'screen_name': 'adomonline', 'name': 'adom', 'id': '628448503'}, {'screen_name': 'adom_tv', 'name': 'adom tv', 'id': '3130656076'}, {'screen_name': 'adom1063fm', 'name': 'adom 106.3 fm', 'id': '3131105764'}, {'screen_name': 'adom', 'name': 'adom doledas', 'id': '14320369'}, {'screen_name': 'asempa947_fm', 'name': 'asempa 94.7fm', 'id': '1275020006267420674'}, {'screen_name': 'bbcnews', 'name': 'bbc news (uk)', 'id': '612473'}, {'screen_name': 'luvfm995', 'name': 'luv 99.5 fm', 'id': '2468153641'}, {'screen_name': 'mtnghana', 'name': 'mtn ghana', 'id': '226493139'}, {'screen_name': 'nhyira1045fm', 'name': 'nhyira 104.5 fm', 'id': '844182986333605888'}, {'screen_name': 'joynewsontv', 'name': 'joynews', 'id': '610124383'}, {'screen_name': 'joy997fm', 'name': 'joy 99.7 fm', 'id': '91966685'}, {'screen_name': 'joyfmnews', 'name': 'myjoyonline', 'id': '2420018858'}, {'screen_name': 'joyprimetv', 'name': 'joy prime', 'id': '1299806619954540544'}, {'screen_name': 'vodafoneghana', 'name': 'vodafone ghana', 'id': '158344313'}, {'screen_name': 'foxnews', 'name': 'fox news', 'id': '1367531'}, {'screen_name': 'johndumelo1', 'name': 'mrdumelo', 'id': '266025901'}, {'screen_name': 'adonkonextlevel', 'name': 'adonko next level energy', 'id': '1405893638652112897'}, {'screen_name': 'airteltigoghana', 'name': 'airteltigo ghana', 'id': '925718593026830336'}]",[],['https://pbs.twimg.com/media/E8qlU2jXEAcr-sp.jpg'],0,0,0,['gmpa21'],[],https://twitter.com/mediawards0/status/1426134018777665541,False,,1,https://pbs.twimg.com/media/E8qlU2jXEAcr-sp.jpg,,,,,,,[],,,,
1426132499277754371,1426132499277754371,2021-08-13 10:44:18 UTC,2021-08-13,10:44:18,+0000,1364050294343090177,mediawards0,Ghana Media Personality Awards,,#GMPA21- 20th August @Snap Hall (AMA Auditorium) 7pm @Serwaa_Amihere @thenanaaba @kasapafm @GHOneTV @ghonenews @AbsaGhana @LiveFMGhana @STARRNEWS @starrfmwellness @GTBankGhana @BBCNews @AdonkoNextLevel @clubbeer1931 @Empire1027FM @simply_kod @TheRealBolaRay @yencomgh  https://t.co/qAT9sIDudt,en,"[{'screen_name': 'snap', 'name': 'snap inc.', 'id': '751560747566510081'}, {'screen_name': 'serwaa_amihere', 'name': 'serwaa amihere', 'id': '1733220096'}, {'screen_name': 'thenanaaba', 'name': 'n.a', 'id': '459033261'}, {'screen_name': 'kasapafm', 'name': '#kasapafm', 'id': '3127990654'}, {'screen_name': 'ghonetv', 'name': '#thepeoplesfavourite', 'id': '383173078'}, {'screen_name': 'ghonenews', 'name': '#ghonenews', 'id': '769369746810793984'}, {'screen_name': 'absaghana', 'name': 'absa bank ghana', 'id': '3256216479'}, {'screen_name': 'livefmghana', 'name': 'live fm ghana', 'id': '1192715107'}, {'screen_name': 'starrnews', 'name': '#starrnews', 'id': '2776061283'}, {'screen_name': 'starrfmwellness', 'name': '#starrwellness', 'id': '763648435622973440'}, {'screen_name': 'gtbankghana', 'name': 'gtbank (ghana) ltd.', 'id': '239453775'}, {'screen_name': 'bbcnews', 'name': 'bbc news (uk)', 'id': '612473'}, {'screen_name': 'adonkonextlevel', 'name': 'adonko next level energy', 'id': '1405893638652112897'}, {'screen_name': 'clubbeer1931', 'name': 'club beer üá¨üá≠', 'id': '4279505362'}, {'screen_name': 'empire1027fm', 'name': 'empire fm', 'id': '2219167073'}, {'screen_name': 'simply_kod', 'name': 'simply_kod', 'id': '3087232630'}, {'screen_name': 'therealbolaray', 'name': 'bola ray', 'id': '2693413459'}, {'screen_name': 'yencomgh', 'name': 'yen.com.gh | ghana trending news üî•', 'id': '3395181400'}]",[],['https://pbs.twimg.com/media/E8qj7CYWEAMIgYn.jpg'],0,0,0,['gmpa21'],[],https://twitter.com/mediawards0/status/1426132499277754371,False,,1,https://pbs.twimg.com/media/E8qj7CYWEAMIgYn.jpg,,,,,,,[],,,,
1426131951652462595,1426131951652462595,2021-08-13 10:42:08 UTC,2021-08-13,10:42:08,+0000,1332184168738955266,beeken_tech,Beeken Technology,,$KVSB $PINS $SNAP $SQ $TWTR - Could This Be the Next Big Social Media Stock?  https://t.co/nN3aknTPT7  https://t.co/RFORo6PXVc,en,[],['https://www.beeken.io/bhlp?utm_content=newsfeed-Technology-KVSB&utm_source=dlvr.it&utm_medium=twitter'],['https://pbs.twimg.com/media/E8qjc-JUUAYOp_g.jpg'],0,0,0,[],"['kvsb', 'pins', 'snap', 'sq', 'twtr']",https://twitter.com/beeken_tech/status/1426131951652462595,False,,1,https://pbs.twimg.com/media/E8qjc-JUUAYOp_g.jpg,,,,,,,[],,,,
1426131231658455040,1426131231658455040,2021-08-13 10:39:16 UTC,2021-08-13,10:39:16,+0000,1364050294343090177,mediawards0,Ghana Media Personality Awards,,#GMPA21- 20th August @Snap Hall (AMA Auditorium) 7pm @etv_ghana @etv @HAPPY989FM @ayishatu_ @etvghana @fidelitybankgh @MTNGhana @HAPPYFMRADIO @BBCNews @AdonkoNextLevel @Kickgh @Y1079FM @AbsaGhana @GTBankGhana @Kasaprekogh @VodafoneGhana @airteltigoghana @Cheezypizza14  https://t.co/7uWeRtOEFn,en,"[{'screen_name': 'snap', 'name': 'snap inc.', 'id': '751560747566510081'}, {'screen_name': 'etv_ghana', 'name': 'etvghana', 'id': '398869127'}, {'screen_name': 'etv', 'name': '@etv', 'id': '212164571'}, {'screen_name': 'happy989fm', 'name': 'happy 98.9 fm', 'id': '2979891544'}, {'screen_name': 'ayishatu_', 'name': 'ayishatu zakaria ali', 'id': '784737184863715329'}, {'screen_name': 'etvghana', 'name': 'e.tv ghana', 'id': '71353634'}, {'screen_name': 'fidelitybankgh', 'name': 'fidelity bank ghana', 'id': '159513936'}, {'screen_name': 'mtnghana', 'name': 'mtn ghana', 'id': '226493139'}, {'screen_name': 'happyfmradio', 'name': 'happy fm', 'id': '132864036'}, {'screen_name': 'bbcnews', 'name': 'bbc news (uk)', 'id': '612473'}, {'screen_name': 'adonkonextlevel', 'name': 'adonko next level energy', 'id': '1405893638652112897'}, {'screen_name': 'kickgh', 'name': 'kickgh.com', 'id': '731422119649792000'}, {'screen_name': 'y1079fm', 'name': 'y107.9fm ghana', 'id': '176926673'}, {'screen_name': 'absaghana', 'name': 'absa bank ghana', 'id': '3256216479'}, {'screen_name': 'gtbankghana', 'name': 'gtbank (ghana) ltd.', 'id': '239453775'}, {'screen_name': 'kasaprekogh', 'name': 'kasapreko company limited', 'id': '1425167318'}, {'screen_name': 'vodafoneghana', 'name': 'vodafone ghana', 'id': '158344313'}, {'screen_name': 'airteltigoghana', 'name': 'airteltigo ghana', 'id': '925718593026830336'}, {'screen_name': 'cheezypizza14', 'name': 'cheezypizza', 'id': '1382680093470904320'}]",[],['https://pbs.twimg.com/media/E8qitiQWEAAzhFo.jpg'],0,2,4,['gmpa21'],[],https://twitter.com/mediawards0/status/1426131231658455040,False,,1,https://pbs.twimg.com/media/E8qitiQWEAAzhFo.jpg,,,,,,,[],,,,
1426126922384244739,1426126922384244739,2021-08-13 10:22:09 UTC,2021-08-13,10:22:09,+0000,1336316962570260481,alwaysatrader,James Cooper üìàüí∞,,Congratulations to all who followed our playsüí∏üëè  $AAPL   $TSLA   $AMZN   $FB   üéØ~Chat-Room details in Bio~üéØ  Welcome !  $NFLX $AMD $SPY $MSFT $NIO $NVDA $TWTR $BB $NOK $QQQ $AMC $GME $SNAP $PLTR $CCIV $PLUG $SQ $GE $ZOM $F $SPCE $FCEL $ACB $OCGN $WHS $SHOP $TLRY $MU  #stocks  https://t.co/f6gW0PPHeH,en,[],[],['https://pbs.twimg.com/media/E8qe3oAVgAg4eNB.jpg'],0,0,1,['stocks'],"['aapl', 'tsla', 'amzn', 'fb', 'nflx', 'amd', 'spy', 'msft', 'nio', 'nvda', 'twtr', 'bb', 'nok', 'qqq', 'amc', 'gme', 'snap', 'pltr', 'cciv', 'plug', 'sq', 'ge', 'zom', 'f', 'spce', 'fcel', 'acb', 'ocgn', 'whs', 'shop', 'tlry', 'mu']",https://twitter.com/Alwaysatrader/status/1426126922384244739,False,,1,https://pbs.twimg.com/media/E8qe3oAVgAg4eNB.jpg,,,,,,,[],,,,
1426124002414632966,1426124002414632966,2021-08-13 10:10:32 UTC,2021-08-13,10:10:32,+0000,1280067135675359234,brianag39834006,Briana Garcia,,@Snap my account got completely deleted for no reason at all. I would love it if I can get a reply ans get this resolved.,en,[],[],[],0,0,0,[],[],https://twitter.com/BrianaG39834006/status/1426124002414632966,False,,0,,,,,,,,[],,,,
1426122824809340930,1426109045488820227,2021-08-13 10:05:52 UTC,2021-08-13,10:05:52,+0000,1264200273188265987,omobakevin,OmOBa,,@MattusPro @Snapchat @Snap @snapchatsupport Have you contact nicohack _7 on instagram?,en,[],[],[],0,0,0,[],[],https://twitter.com/OmOBaKevin/status/1426122824809340930,False,,0,,,,,,,,"[{'screen_name': 'MattusPro', 'name': 'Mattus.', 'id': '53905411'}, {'screen_name': 'Snapchat', 'name': 'Snapchat', 'id': '376502929'}, {'screen_name': 'Snap', 'name': 'Snap Inc.', 'id': '751560747566510081'}, {'screen_name': 'snapchatsupport', 'name': 'Snapchat Support', 'id': '2409543974'}]",,,,
1426121871674777607,1426121871674777607,2021-08-13 10:02:04 UTC,2021-08-13,10:02:04,+0000,1273844033861844993,jarvis_alerts,Jarvis-Alerts,,"$SNAP 80C Exp:20-Aug-21 --  üöÄ Total(Day): $28,182  $SNAP 80C Exp:17-Sep-21 --  üöÄ &lt;R&gt; Total(Day): $410,925  #SmartMoneyFlow  charts: courtesy of finviz  https://t.co/amRub6YoCX",en,[],[],['https://pbs.twimg.com/media/E8qaSPSWEAEfpXA.png'],0,0,0,['smartmoneyflow'],"['snap', 'snap']",https://twitter.com/Jarvis_Alerts/status/1426121871674777607,False,,1,https://pbs.twimg.com/media/E8qaSPSWEAEfpXA.png,,,,,,,[],,,,
1426120408630104076,1426120408630104076,2021-08-13 09:56:16 UTC,2021-08-13,09:56:16,+0000,1280067135675359234,brianag39834006,Briana Garcia,,@snapchatsupport @snapchat @snapchatsupport @Snap my account got completely deleted for no reason at all. I would love it if I can get a reply ans get this resolved.,en,"[{'screen_name': 'snapchat', 'name': 'snapchat', 'id': '376502929'}, {'screen_name': 'snapchatsupport', 'name': 'snapchat support', 'id': '2409543974'}, {'screen_name': 'snap', 'name': 'snap inc.', 'id': '751560747566510081'}]",[],[],0,0,0,[],[],https://twitter.com/BrianaG39834006/status/1426120408630104076,False,,0,,,,,,,,[],,,,
1426120085198888961,1395409434529058818,2021-08-13 09:54:58 UTC,2021-08-13,09:54:58,+0000,1364599845663608834,xack49164939,xack,,@Snap @evanspiegel While you have people sellings drugs on snap you wont take they're accounts but wanna take accounts for no reason.,en,[],[],[],0,0,0,[],[],https://twitter.com/xack49164939/status/1426120085198888961,False,,0,,,,,,,,"[{'screen_name': 'Snap', 'name': 'Snap Inc.', 'id': '751560747566510081'}, {'screen_name': 'evanspiegel', 'name': 'Evan Spiegel', 'id': '230287527'}]",,,,
1426119770760310793,1418324732571635715,2021-08-13 09:53:44 UTC,2021-08-13,09:53:44,+0000,1364599845663608834,xack49164939,xack,,@Snap Dude yall owe me alot,en,[],[],[],0,0,0,[],[],https://twitter.com/xack49164939/status/1426119770760310793,False,,0,,,,,,,,"[{'screen_name': 'Snap', 'name': 'Snap Inc.', 'id': '751560747566510081'}]",,,,
1426118139138486273,1426118139138486273,2021-08-13 09:47:15 UTC,2021-08-13,09:47:15,+0000,1323663391819517954,misterpuertas,Diego Puertas,,Hoy roturas de m√°ximos y roturas de m√°ximos‚Ä¶ No es lo mismo una rotura de $CRWD o $SNAP cuando estaban tan infravaloradas que ahora que ya tienen un market cap tan decente.  Estas roturas costaran m√°s y no ser√° un impulso tan r√°pido,es,[],[],[],1,0,7,[],"['crwd', 'snap']",https://twitter.com/misterpuertas/status/1426118139138486273,False,,0,,,,,,,,[],,,,
1426117553143750656,1426117553143750656,2021-08-13 09:44:55 UTC,2021-08-13,09:44:55,+0000,1424156577070673922,brianag003,Briana Garcia,,@snapchatsupport I Contacted @snapchatsupport and still not able to access my old account. Can someone pick up this matter? My old account is important to me. Please help!! @Snapchat @Snap  https://t.co/3kHiz8pZjC,en,"[{'screen_name': 'snapchatsupport', 'name': 'snapchat support', 'id': '2409543974'}, {'screen_name': 'snapchat', 'name': 'snapchat', 'id': '376502929'}, {'screen_name': 'snap', 'name': 'snap inc.', 'id': '751560747566510081'}]",[],['https://pbs.twimg.com/media/E8qWW0CVcAUKRkg.jpg'],6,0,1,[],[],https://twitter.com/brianag003/status/1426117553143750656,False,,1,https://pbs.twimg.com/media/E8qWW0CVcAUKRkg.jpg,,,,,,,[],,,,
1426109576978518016,1426109045488820227,2021-08-13 09:13:13 UTC,2021-08-13,09:13:13,+0000,2652683099,blessed__frank,franküá∫üá≤,,"@MattusPro @Snapchat @Snap @snapchatsupport Same thing happened to me just weeks ago. I tried to contact the support team but I got no reply. But I found this dude on instagram, and he got my account back in like an hour. #shadow_tools112 that's his Instagram handle.  https://t.co/4oWApgLsus",en,[],['https://www.instagram.com/Shadow_tools112/'],[],0,0,1,['shadow_tools112'],[],https://twitter.com/blessed__frank/status/1426109576978518016,False,,0,,,,,,,,"[{'screen_name': 'MattusPro', 'name': 'Mattus.', 'id': '53905411'}, {'screen_name': 'Snapchat', 'name': 'Snapchat', 'id': '376502929'}, {'screen_name': 'Snap', 'name': 'Snap Inc.', 'id': '751560747566510081'}, {'screen_name': 'snapchatsupport', 'name': 'Snapchat Support', 'id': '2409543974'}]",,,,
1426109332438061056,1426109328507998212,2021-08-13 09:12:15 UTC,2021-08-13,09:12:15,+0000,1349297248467873793,mindofgrowth,Cpt Longhold,,After today I will only do an absolute minimum of trades.   Current portfolio (from largest) $u $pltr $nvda $se $shop $sq $coin $crwd $celh $lspd $clpt $numnd $apps $expi $tsla $okta $pton $twtr $smfr $sana $snap $rdfn * $beam * $arkg * $crsp * $grph * $nvta *  * small,en,[],[],[],2,0,0,[],"['u', 'pltr', 'nvda', 'se', 'shop', 'sq', 'coin', 'crwd', 'celh', 'lspd', 'clpt', 'numnd', 'apps', 'expi', 'tsla', 'okta', 'pton', 'twtr', 'smfr', 'sana', 'snap', 'rdfn', 'beam', 'arkg', 'crsp', 'grph', 'nvta']",https://twitter.com/MindOfGrowth/status/1426109332438061056,False,,0,,,,,,,,[],,,,
1426109045488820227,1426109045488820227,2021-08-13 09:11:06 UTC,2021-08-13,09:11:06,+0000,53905411,mattuspro,Mattus.,,@Snapchat @Snap @snapchatsupport my account was permanently locked for no reason at all! After numerous attempts to get help with this and no luck I will no longer be using your app and will be advising my friends against continuing to use your app! Pathetic customer service!! üñïüèº,en,"[{'screen_name': 'snap', 'name': 'snap inc.', 'id': '751560747566510081'}, {'screen_name': 'snapchatsupport', 'name': 'snapchat support', 'id': '2409543974'}]",[],[],9,0,1,[],[],https://twitter.com/MattusPro/status/1426109045488820227,False,,0,,,,,,,,[],,,,
1426092174010056704,1426092174010056704,2021-08-13 08:04:04 UTC,2021-08-13,08:04:04,+0000,1336316962570260481,alwaysatrader,James Cooper üìàüí∞,,Congratulations to all who followed our playsüí∏üëè  $AAPL   $TSLA   $AMZN   $FB   üéØ~Chat-Room details in Bio~üéØ  Welcome !  $NFLX $AMD $SPY $MSFT $NIO $NVDA $TWTR $BB $NOK $QQQ $AMC $GME $SNAP $PLTR $CCIV $PLUG $SQ $GE $ZOM $F $SPCE $FCEL $ACB $OCGN $WHS $SHOP $TLRY $MU  #stocks  https://t.co/OrbnNgt6NO,en,[],[],['https://pbs.twimg.com/media/E8p_RDaVoAIeAID.jpg'],0,0,1,['stocks'],"['aapl', 'tsla', 'amzn', 'fb', 'nflx', 'amd', 'spy', 'msft', 'nio', 'nvda', 'twtr', 'bb', 'nok', 'qqq', 'amc', 'gme', 'snap', 'pltr', 'cciv', 'plug', 'sq', 'ge', 'zom', 'f', 'spce', 'fcel', 'acb', 'ocgn', 'whs', 'shop', 'tlry', 'mu']",https://twitter.com/Alwaysatrader/status/1426092174010056704,False,,1,https://pbs.twimg.com/media/E8p_RDaVoAIeAID.jpg,,,,,,,[],,,,
1426092168435830791,1426092168435830791,2021-08-13 08:04:03 UTC,2021-08-13,08:04:03,+0000,950402063271424003,smartoptionsai,SmartOptions¬Æ Ai,,"SmartOptions¬Æ Unusual Activity Alert (Delayed)  $SNAP $50 Calls 01/20/2023 Exp  Trade Volume: 331 Contracts  $1,082,370 was traded now.  Current Stock Price: $76.83  Trade Type: Split  Follow the Money &amp; Trade Options with Our SmartOptions¬Æ Ai.  https://t.co/bIuaDk4J16",en,[],['https://www.smartoptions.ai'],[],0,0,0,[],['snap'],https://twitter.com/SmartOptionsAi/status/1426092168435830791,False,,0,,,,,,,,[],,,,
1426074799487475714,1426074799487475714,2021-08-13 06:55:02 UTC,2021-08-13,06:55:02,+0000,14162740,jchengery,Joe Chengery,,"#China: 983.7M #Internetusers, 824.5M #digitalbuyers, both largest among all countries, but #digitalbuyer growth slowing, so vital 2 focus on where existing buyers are. #digitalmarketing #mcommerce #retail $BABA $AMZN $FB $TWTR $PINS $SNAP $WMT $TGT $BBY",en,[],[],[],0,0,0,"['china', 'internetusers', 'digitalbuyers', 'digitalbuyer', 'digitalmarketing', 'mcommerce', 'retail']","['baba', 'amzn', 'fb', 'twtr', 'pins', 'snap', 'wmt', 'tgt', 'bby']",https://twitter.com/jchengery/status/1426074799487475714,False,,0,,,,,,,,[],,,,
1426074123353182211,1426074123353182211,2021-08-13 06:52:20 UTC,2021-08-13,06:52:20,+0000,1271850719314919429,tradewithwolves,Trades with Wolves,,"$SNAP still stuck in chop. you'd like to see it clear 80.83 before entering to not get faked out like earlier this week. Price targets are 83.45, 84.77, 86.65  https://t.co/qw9g60ptp6",en,[],[],"['https://pbs.twimg.com/media/E8pukALXsAEHjVW.jpg', 'https://pbs.twimg.com/media/E8puq8vWEAME9VE.jpg']",0,0,1,[],['snap'],https://twitter.com/tradewithwolves/status/1426074123353182211,False,,1,https://pbs.twimg.com/media/E8pukALXsAEHjVW.jpg,,,,,,,[],,,,
1426072293906726920,1426072293906726920,2021-08-13 06:45:04 UTC,2021-08-13,06:45:04,+0000,14162740,jchengery,Joe Chengery,,"#China: #Pandemic made shoppers nervous 2 shop indoors, drove them 2 options like #livestreaming to replicate in-store experience, will continue that mode of buying. #digitalmarketing #mcommerce #retail $BABA $AMZN $FB $TWTR $PINS $SNAP $WMT $TGT $BBY",en,[],[],[],0,0,1,"['china', 'pandemic', 'livestreaming', 'digitalmarketing', 'mcommerce', 'retail']","['baba', 'amzn', 'fb', 'twtr', 'pins', 'snap', 'wmt', 'tgt', 'bby']",https://twitter.com/jchengery/status/1426072293906726920,False,,0,,,,,,,,[],,,,
1426069766339432449,1426069766339432449,2021-08-13 06:35:02 UTC,2021-08-13,06:35:02,+0000,14162740,jchengery,Joe Chengery,,"#China: Via @eMarketer, exp 30.2% increase in # #livestreaming #ecommerce buyers in 2021, exp 13.5% increase in 2022; by end of 2023, 45+% 14+ YO #digitalshoppers will shop via #livestream. #digitalmarketing #mcommerce #retail $BABA $AMZN $FB $TWTR $PINS $SNAP $WMT $TGT $BBY",en,"[{'screen_name': 'emarketer', 'name': 'emarketer', 'id': '21217761'}]",[],[],0,0,0,"['china', 'livestreaming', 'ecommerce', 'digitalshoppers', 'livestream', 'digitalmarketing', 'mcommerce', 'retail']","['baba', 'amzn', 'fb', 'twtr', 'pins', 'snap', 'wmt', 'tgt', 'bby']",https://twitter.com/jchengery/status/1426069766339432449,False,,0,,,,,,,,[],,,,
1426067437942943752,1426067437942943752,2021-08-13 06:25:46 UTC,2021-08-13,06:25:46,+0000,3093921150,tradermn1,TraderMN,,Very late Watchlist for Friday 8-13-21  Focus: $WISH $SOFI $PINS $SNAP $NIO $ZEV $CAN $AHPI $DIS  Others: $FULC $SESN $XONE $KNBE $NOVN  $RKT $OPEN $ACY $NAOV $INO  $CLOV  #watchlist #fridaythe13th #stocks #stocksinfocus #stockmarket #stockstotrade #stocktrading #stockstobuy  https://t.co/LVGx8SNHZ6,en,[],[],['https://pbs.twimg.com/tweet_video_thumb/E8poxhtWUAApc8s.jpg'],0,0,1,"['watchlist', 'fridaythe13th', 'stocks', 'stocksinfocus', 'stockmarket', 'stockstotrade', 'stocktrading', 'stockstobuy']","['wish', 'sofi', 'pins', 'snap', 'nio', 'zev', 'can', 'ahpi', 'dis', 'fulc', 'sesn', 'xone', 'knbe', 'novn', 'rkt', 'open', 'acy', 'naov', 'ino', 'clov']",https://twitter.com/TraderMN1/status/1426067437942943752,False,,1,https://pbs.twimg.com/tweet_video_thumb/E8poxhtWUAApc8s.jpg,,,,,,,[],,,,
1426067250159759360,1426067250159759360,2021-08-13 06:25:02 UTC,2021-08-13,06:25:02,+0000,14162740,jchengery,Joe Chengery,,"#China: Via @eMarketer, 320M+ people 2 make 1x+ purchase from a livestream in 2021, 186M more than in 2019, 39% 14+ YO #digitalbuyers in 2021. #digitalmarketing #ecommerce #mcommerce #retail #retailmarketing #livestreamingmarketing $BABA $AMZN $FB $TWTR $PINS $SNAP $WMT $TGT $BBY",en,"[{'screen_name': 'emarketer', 'name': 'emarketer', 'id': '21217761'}]",[],[],0,0,0,"['china', 'digitalbuyers', 'digitalmarketing', 'ecommerce', 'mcommerce', 'retail', 'retailmarketing', 'livestreamingmarketing']","['baba', 'amzn', 'fb', 'twtr', 'pins', 'snap', 'wmt', 'tgt', 'bby']",https://twitter.com/jchengery/status/1426067250159759360,False,,0,,,,,,,,[],,,,
1426066567402442754,1426066567402442754,2021-08-13 06:22:19 UTC,2021-08-13,06:22:19,+0000,1329906999660744704,onlygoesup,Concentration King (CK) üôá‚Äç‚ôÇÔ∏è üëë,,Current Longs: $DDOG $LSPD $LTHM $SNOW $TTD  Focus: $ABNB $COUR $FLGT $GLBE $HIMX $RVLV $SNAP $TWLO $ZS,de,[],[],[],0,0,0,[],"['ddog', 'lspd', 'lthm', 'snow', 'ttd', 'abnb', 'cour', 'flgt', 'glbe', 'himx', 'rvlv', 'snap', 'twlo', 'zs']",https://twitter.com/onlygoesup/status/1426066567402442754,False,,0,,,,,,,,[],,,,
1426066013922250756,1426066013922250756,2021-08-13 06:20:07 UTC,2021-08-13,06:20:07,+0000,610500985,bitscalp,Œ±,,$snap cooked  https://t.co/EuU4wqKkC7,en,[],[],['https://pbs.twimg.com/media/E8pnevtXIAMa8kB.jpg'],0,0,0,[],['snap'],https://twitter.com/bitscalp/status/1426066013922250756,False,,1,https://pbs.twimg.com/media/E8pnevtXIAMa8kB.jpg,,,,,,,[],,,,
1426064741617872896,1426064741617872896,2021-08-13 06:15:04 UTC,2021-08-13,06:15:04,+0000,14162740,jchengery,Joe Chengery,,Over 45% of #China's #DigitalShoppers Will Buy Via #Livestream in 2023 (@eMarketer)  https://t.co/GfqSPGjvZH #digitalmarketing #ecommerce #mcommerce #retail #retailmarketing #livestreamingmarketing $BABA $AMZN $FB $TWTR $PINS $SNAP $WMT $TGT $BBY,en,"[{'screen_name': 'emarketer', 'name': 'emarketer', 'id': '21217761'}]",['http://ow.ly/D23i50FQdkQ'],[],0,0,0,"['china', 'digitalshoppers', 'livestream', 'digitalmarketing', 'ecommerce', 'mcommerce', 'retail', 'retailmarketing', 'livestreamingmarketing']","['baba', 'amzn', 'fb', 'twtr', 'pins', 'snap', 'wmt', 'tgt', 'bby']",https://twitter.com/jchengery/status/1426064741617872896,False,,0,,,,,,,,[],,,,
1426064387568136192,1426061084411133957,2021-08-13 06:13:39 UTC,2021-08-13,06:13:39,+0000,65789350,minotrades,MINOTRADESüåê,,$FB $SNAP $AMZN $CHWY  Crypto plays üëÄ $BTC Bulls need to step up! Or else major pullback.  $MARA $RIOT $COIN üìâüìà,en,[],[],[],1,0,0,[],"['fb', 'snap', 'amzn', 'chwy', 'btc', 'mara', 'riot', 'coin']",https://twitter.com/Minotrades/status/1426064387568136192,False,,0,,,,,,,,[],,,,
1426049460644241410,1426043193557233664,2021-08-13 05:14:20 UTC,2021-08-13,05:14:20,+0000,1264200273188265987,omobakevin,OmOBa,,@zenunbocaj @snapchatsupport @Snapchat @Snap Have you contact nicohack _7 on instagram?,en,[],[],[],0,0,0,[],[],https://twitter.com/OmOBaKevin/status/1426049460644241410,False,,0,,,,,,,,"[{'screen_name': 'zenunbocaj', 'name': 'Jacob Nunez', 'id': '1229162755422380034'}, {'screen_name': 'snapchatsupport', 'name': 'Snapchat Support', 'id': '2409543974'}, {'screen_name': 'Snapchat', 'name': 'Snapchat', 'id': '376502929'}, {'screen_name': 'Snap', 'name': 'Snap Inc.', 'id': '751560747566510081'}]",,,,
1426043193557233664,1426043193557233664,2021-08-13 04:49:26 UTC,2021-08-13,04:49:26,+0000,1229162755422380034,zenunbocaj,Jacob Nunez,,@snapchatsupport @Snapchat @Snap my account got locked permanently randomly today after using it normally throughout the day. I failed to receive any sort of email saying or regarding the reason as to why it was locked. I‚Äôm also not able to make any new accounts. Was I hacked?  https://t.co/N03diBvaG5,en,"[{'screen_name': 'snapchat', 'name': 'snapchat', 'id': '376502929'}, {'screen_name': 'snap', 'name': 'snap inc.', 'id': '751560747566510081'}]",[],['https://pbs.twimg.com/media/E8pSub2XIAIjUNy.jpg'],23,0,9,[],[],https://twitter.com/zenunbocaj/status/1426043193557233664,False,,1,https://pbs.twimg.com/media/E8pSub2XIAIjUNy.jpg,,,,,,,[],,,,
1426039239700013056,1425853368359137289,2021-08-13 04:33:43 UTC,2021-08-13,04:33:43,+0000,565848489,1khaliljamere,Khalil J√°mere,,@patrick55399865 @Snapchat @snapchatsupport @Snap Yeah bro,en,[],[],[],2,0,0,[],[],https://twitter.com/1khaliljamere/status/1426039239700013056,False,,0,,,,,,,,"[{'screen_name': 'patrick55399865', 'name': 'patrick johnson', 'id': '1294555081803628548'}, {'screen_name': 'Snapchat', 'name': 'Snapchat', 'id': '376502929'}, {'screen_name': 'snapchatsupport', 'name': 'Snapchat Support', 'id': '2409543974'}, {'screen_name': 'Snap', 'name': 'Snap Inc.', 'id': '751560747566510081'}]",,,,
1426033934882676736,1425976875172569091,2021-08-13 04:12:39 UTC,2021-08-13,04:12:39,+0000,1266226842505076737,callereasy,AFGüá¶üá´,,@ripster47 what about $SNAP bro?,en,[],[],[],0,0,0,[],['snap'],https://twitter.com/CallerEasy/status/1426033934882676736,False,,0,,,,,,,,"[{'screen_name': 'ripster47', 'name': 'Ripster', 'id': '1054561163843751936'}]",,,,
1426033640836841480,1426025177238884355,2021-08-13 04:11:29 UTC,2021-08-13,04:11:29,+0000,975142706329636870,omar_b6e5,Omar. ‚òïÔ∏èüì∏,,@B_1 @SnapAR @Snap @Snapchat @sophiaedm @joe_darko @fncischen I like it! üñ§,en,[],[],[],0,0,2,[],[],https://twitter.com/Omar_b6e5/status/1426033640836841480,False,,0,,,,,,,,"[{'screen_name': 'B_1', 'name': 'Tariq ‚ôï', 'id': '4355731'}, {'screen_name': 'SnapAR', 'name': 'Snap AR', 'id': '941446297315295232'}, {'screen_name': 'Snap', 'name': 'Snap Inc.', 'id': '751560747566510081'}, {'screen_name': 'Snapchat', 'name': 'Snapchat', 'id': '376502929'}, {'screen_name': 'sophiaedm', 'name': 'Sophia Dominguez', 'id': '64479755'}, {'screen_name': 'joe_darko', 'name': 'Joe Darko', 'id': '47238420'}, {'screen_name': 'fncischen', 'name': 'Francis Chen', 'id': '49554260'}]",,,,
1426026972916891651,1426025177238884355,2021-08-13 03:44:59 UTC,2021-08-13,03:44:59,+0000,4355731,b_1,Tariq ‚ôï,,@see_3li @SnapAR @Snap @Snapchat @sophiaedm @joe_darko @fncischen Thank you Ali!,en,[],[],[],0,0,2,[],[],https://twitter.com/B_1/status/1426026972916891651,False,,0,,,,,,,,"[{'screen_name': 'see_3li', 'name': 'Ali', 'id': '1416636806125207552'}, {'screen_name': 'SnapAR', 'name': 'Snap AR', 'id': '941446297315295232'}, {'screen_name': 'Snap', 'name': 'Snap Inc.', 'id': '751560747566510081'}, {'screen_name': 'Snapchat', 'name': 'Snapchat', 'id': '376502929'}, {'screen_name': 'sophiaedm', 'name': 'Sophia Dominguez', 'id': '64479755'}, {'screen_name': 'joe_darko', 'name': 'Joe Darko', 'id': '47238420'}, {'screen_name': 'fncischen', 'name': 'Francis Chen', 'id': '49554260'}]",,,,
1426026699314106369,1426025177238884355,2021-08-13 03:43:54 UTC,2021-08-13,03:43:54,+0000,1416636806125207552,see_3li,Ali,,@B_1 @SnapAR @Snap @Snapchat @sophiaedm @joe_darko @fncischen I loved the idea of ‚Äã‚Äãmaking tutorials on Twitterüòçüí™üèª,en,[],[],[],1,0,1,[],[],https://twitter.com/see_3li/status/1426026699314106369,False,,0,,,,,,,,"[{'screen_name': 'B_1', 'name': 'Tariq ‚ôï', 'id': '4355731'}, {'screen_name': 'SnapAR', 'name': 'Snap AR', 'id': '941446297315295232'}, {'screen_name': 'Snap', 'name': 'Snap Inc.', 'id': '751560747566510081'}, {'screen_name': 'Snapchat', 'name': 'Snapchat', 'id': '376502929'}, {'screen_name': 'sophiaedm', 'name': 'Sophia Dominguez', 'id': '64479755'}, {'screen_name': 'joe_darko', 'name': 'Joe Darko', 'id': '47238420'}, {'screen_name': 'fncischen', 'name': 'Francis Chen', 'id': '49554260'}]",,,,
1426026021208444931,1426025177238884355,2021-08-13 03:41:12 UTC,2021-08-13,03:41:12,+0000,71442563,boona11,Ibrahim Boona üß†,,@B_1 @SnapAR @Snap @Snapchat @sophiaedm @joe_darko @fncischen You are welcome bro,en,[],[],[],0,0,1,[],[],https://twitter.com/boona11/status/1426026021208444931,False,,0,,,,,,,,"[{'screen_name': 'B_1', 'name': 'Tariq ‚ôï', 'id': '4355731'}, {'screen_name': 'SnapAR', 'name': 'Snap AR', 'id': '941446297315295232'}, {'screen_name': 'Snap', 'name': 'Snap Inc.', 'id': '751560747566510081'}, {'screen_name': 'Snapchat', 'name': 'Snapchat', 'id': '376502929'}, {'screen_name': 'sophiaedm', 'name': 'Sophia Dominguez', 'id': '64479755'}, {'screen_name': 'joe_darko', 'name': 'Joe Darko', 'id': '47238420'}, {'screen_name': 'fncischen', 'name': 'Francis Chen', 'id': '49554260'}]",,,,
1426025872864288772,1426025872864288772,2021-08-13 03:40:37 UTC,2021-08-13,03:40:37,+0000,807445318698758144,beardedtradr,Alex Ghaznawi,,$SNAP unfortunately broke its immediate support from the 4/8 EMAs today. Likely that PA will retrace toward 20EMA (yellow) to try and find support.   #stockstowatch #stockmarket #stocks  https://t.co/RePUODD7kK,en,[],[],['https://pbs.twimg.com/media/E8pCieGXEAMghmF.jpg'],0,0,0,"['stockstowatch', 'stockmarket', 'stocks']",['snap'],https://twitter.com/beardedtradr/status/1426025872864288772,False,,1,https://pbs.twimg.com/media/E8pCieGXEAMghmF.jpg,,,,,,,[],,,,
1426025770653212673,1426025177238884355,2021-08-13 03:40:12 UTC,2021-08-13,03:40:12,+0000,4355731,b_1,Tariq ‚ôï,,@boona11 @SnapAR @Snap @Snapchat @sophiaedm @joe_darko @fncischen Thank you Ibrahim üôèüèºüòä.,en,[],[],[],1,0,2,[],[],https://twitter.com/B_1/status/1426025770653212673,False,,0,,,,,,,,"[{'screen_name': 'boona11', 'name': 'Ibrahim Boona üß†', 'id': '71442563'}, {'screen_name': 'SnapAR', 'name': 'Snap AR', 'id': '941446297315295232'}, {'screen_name': 'Snap', 'name': 'Snap Inc.', 'id': '751560747566510081'}, {'screen_name': 'Snapchat', 'name': 'Snapchat', 'id': '376502929'}, {'screen_name': 'sophiaedm', 'name': 'Sophia Dominguez', 'id': '64479755'}, {'screen_name': 'joe_darko', 'name': 'Joe Darko', 'id': '47238420'}, {'screen_name': 'fncischen', 'name': 'Francis Chen', 'id': '49554260'}]",,,,
1426025309246210049,1426025177238884355,2021-08-13 03:38:22 UTC,2021-08-13,03:38:22,+0000,71442563,boona11,Ibrahim Boona üß†,,"@B_1 @SnapAR @Snap @Snapchat @sophiaedm @joe_darko @fncischen Awesome Tariq, that is a fantastic idea; a daily little dose of lens studio üëçüî•üî•",en,[],[],[],1,0,2,[],[],https://twitter.com/boona11/status/1426025309246210049,False,,0,,,,,,,,"[{'screen_name': 'B_1', 'name': 'Tariq ‚ôï', 'id': '4355731'}, {'screen_name': 'SnapAR', 'name': 'Snap AR', 'id': '941446297315295232'}, {'screen_name': 'Snap', 'name': 'Snap Inc.', 'id': '751560747566510081'}, {'screen_name': 'Snapchat', 'name': 'Snapchat', 'id': '376502929'}, {'screen_name': 'sophiaedm', 'name': 'Sophia Dominguez', 'id': '64479755'}, {'screen_name': 'joe_darko', 'name': 'Joe Darko', 'id': '47238420'}, {'screen_name': 'fncischen', 'name': 'Francis Chen', 'id': '49554260'}]",,,,
1426025177238884355,1426025177238884355,2021-08-13 03:37:51 UTC,2021-08-13,03:37:51,+0000,4355731,b_1,Tariq ‚ôï,,"#DailyDoseOfLensStudio  - [1] How to use ""BLOOM POST EFFECT"" - @SnapAR @Snap @Snapchat @sophiaedm @joe_darko @fncischen  - #tutorial #snap #snapchat #snapar #ar #xr  https://t.co/34PrYlRk5h",en,"[{'screen_name': 'snapar', 'name': 'snap ar', 'id': '941446297315295232'}, {'screen_name': 'snap', 'name': 'snap inc.', 'id': '751560747566510081'}, {'screen_name': 'snapchat', 'name': 'snapchat', 'id': '376502929'}, {'screen_name': 'sophiaedm', 'name': 'sophia dominguez', 'id': '64479755'}, {'screen_name': 'joe_darko', 'name': 'joe darko', 'id': '47238420'}, {'screen_name': 'fncischen', 'name': 'francis chen', 'id': '49554260'}]",[],[],4,2,12,"['dailydoseoflensstudio', 'tutorial', 'snap', 'snapchat', 'snapar', 'ar', 'xr']",[],https://twitter.com/B_1/status/1426025177238884355,False,,1,https://pbs.twimg.com/ext_tw_video_thumb/1426024947005132800/pu/img/oAt4MdT-nQ6bzpbI.jpg,,,,,,,[],,,,
1426023427362725900,1426022668269203456,2021-08-13 03:30:53 UTC,2021-08-13,03:30:53,+0000,71442563,boona11,Ibrahim Boona üß†,,"@B_1 @SnapAR @Snap @Snapchat @sophiaedm @joe_darko Awesome Tariq, that is a fantastic idea; a daily little dose of lens studio üëçüî•üî•",en,[],[],[],0,0,1,[],[],https://twitter.com/boona11/status/1426023427362725900,False,,0,,,,,,,,"[{'screen_name': 'B_1', 'name': 'Tariq ‚ôï', 'id': '4355731'}, {'screen_name': 'SnapAR', 'name': 'Snap AR', 'id': '941446297315295232'}, {'screen_name': 'Snap', 'name': 'Snap Inc.', 'id': '751560747566510081'}, {'screen_name': 'Snapchat', 'name': 'Snapchat', 'id': '376502929'}, {'screen_name': 'sophiaedm', 'name': 'Sophia Dominguez', 'id': '64479755'}, {'screen_name': 'joe_darko', 'name': 'Joe Darko', 'id': '47238420'}]",,,,
1426020685491494915,1426020685491494915,2021-08-13 03:20:00 UTC,2021-08-13,03:20:00,+0000,1345666465870061568,right__stocks,Right Stock Alerts,,$penn $mara $fsr $tsla $opti $spy $aapl $pltr $sos $srne $snap $fb $coin $btbt $aal  $dkng $mvis $sndl  $nakd $nio $gme $sunw $fubo $amd $amc $coin $wkhs $riot $msft   WE ALERTED $SPCE at $19 RAN TO $57 (200% GAIN)  DAILY ALERTS   $15 ONE TIME FEE!  BEAT THAT üëáüëá üö®LINK IN BIOüö®,en,[],[],[],1,0,2,[],"['penn', 'mara', 'fsr', 'tsla', 'opti', 'spy', 'aapl', 'pltr', 'sos', 'srne', 'snap', 'fb', 'coin', 'btbt', 'aal', 'dkng', 'mvis', 'sndl', 'nakd', 'nio', 'gme', 'sunw', 'fubo', 'amd', 'amc', 'coin', 'wkhs', 'riot', 'msft', 'spce']",https://twitter.com/Right__Stocks/status/1426020685491494915,False,,0,,,,,,,,[],,,,
1426018934071824384,1426018934071824384,2021-08-13 03:13:02 UTC,2021-08-13,03:13:02,+0000,39295914,thinkla,ThinkLA,,"Shoutout to our sponsors @VizioAds @iheartmedia @samsungas @snap and @TremorVideo for making this night even more special. If you haven‚Äôt picked up your swag bag, we will be at @WaltonIsaacon tomorrow from 10 AM - 12 PM.  #thinkawards  https://t.co/kxfQgOwOLj",en,"[{'screen_name': 'vizioads', 'name': 'vizioads', 'id': '1272564865551355906'}, {'screen_name': 'iheartmedia', 'name': 'iheartmedia', 'id': '95735455'}, {'screen_name': 'samsungas', 'name': 'joe', 'id': '151172388'}, {'screen_name': 'snap', 'name': 'snap inc.', 'id': '751560747566510081'}, {'screen_name': 'tremorvideo', 'name': 'tremor video', 'id': '897861542401781760'}]",[],['https://pbs.twimg.com/media/E8o7dKaVoAMa6EF.jpg'],0,0,1,['thinkawards'],[],https://twitter.com/ThinkLA/status/1426018934071824384,False,,1,https://pbs.twimg.com/media/E8o7dKaVoAMa6EF.jpg,,,,,,,[],,,,
1426017901824335872,1426017041652326403,2021-08-13 03:08:56 UTC,2021-08-13,03:08:56,+0000,372076890,kenreeves_,Ken Reeves,,U.S. / China / Japan breakdown  Discord up to 7th in the U.S. üëÄ  $FB $SNAP $PINS $TWTR all top 10 in the U.S. and Japan  https://t.co/qyXPVMGIr0,en,[],[],['https://pbs.twimg.com/media/E8o7J2EX0AIcvl-.jpg'],0,0,1,[],"['fb', 'snap', 'pins', 'twtr']",https://twitter.com/kenreeves_/status/1426017901824335872,False,,1,https://pbs.twimg.com/media/E8o7J2EX0AIcvl-.jpg,,,,,,,[],,,,
1426017041652326403,1426017041652326403,2021-08-13 03:05:31 UTC,2021-08-13,03:05:31,+0000,372076890,kenreeves_,Ken Reeves,,TikTok overtook Facebook Messenger as the most downloaded app in 2020.  4 of the top 5 apps are $FB owned...  $SNAP $PINS $TWTR all top 10 in the world.  https://t.co/2BO9oomf34,en,[],[],['https://pbs.twimg.com/media/E8o64ikXMAER0um.png'],1,0,6,[],"['fb', 'snap', 'pins', 'twtr']",https://twitter.com/kenreeves_/status/1426017041652326403,False,,1,https://pbs.twimg.com/media/E8o64ikXMAER0um.png,,,,,,,[],,,,
1426015614519361542,1426010952391139344,2021-08-13 02:59:51 UTC,2021-08-13,02:59:51,+0000,390512879,tolchinocasino,"Tolchino Casino, MSF",,@freeCSauce Tbh I barely track $SNAP but daily MACD bear cross would have me feeling suspect about being in it.. maybe it bounces around the levels I marked but wound want to avoid unless I see a confirmed bounce.   My personal style is not suited for stocks up/around ATH with little support  https://t.co/klRG60jukd,en,[],[],"['https://pbs.twimg.com/media/E8o5ou6WYAIjn5U.jpg', 'https://pbs.twimg.com/media/E8o5o-iWEAIIh47.jpg', 'https://pbs.twimg.com/media/E8o5pMAXEAYdT36.jpg']",1,0,0,[],['snap'],https://twitter.com/tolchinocasino/status/1426015614519361542,False,,1,https://pbs.twimg.com/media/E8o5ou6WYAIjn5U.jpg,,,,,,,"[{'screen_name': 'freeCSauce', 'name': 'CURRI‚Ç¨', 'id': '1395220376096018437'}]",,,,
1426014255652827138,1426014255652827138,2021-08-13 02:54:27 UTC,2021-08-13,02:54:27,+0000,1292669313992863744,prasant56069147,prasanta,,$snap   Real price will come out soon; Follow price targets........            https://t.co/Bsmzbyk6B2,en,[],['http://discord.io/stock-market-watcher'],[],0,0,0,[],['snap'],https://twitter.com/prasant56069147/status/1426014255652827138,False,,0,,,,,,,,[],,,,
1426012535954812930,1426012535954812930,2021-08-13 02:47:37 UTC,2021-08-13,02:47:37,+0000,47121634,yusufhameed,"Yusuf Hameed, MD",,TikTok overtakes Facebook as world's most downloaded app $FSLY $FB $SNAP $TWTR  https://t.co/wNopYADn5Q,en,[],['https://asia.nikkei.com/Business/Technology/TikTok-overtakes-Facebook-as-world-s-most-downloaded-app'],[],1,0,0,[],"['fsly', 'fb', 'snap', 'twtr']",https://twitter.com/yusufhameed/status/1426012535954812930,False,,0,,,,,,,,[],,,,
1426012106168705030,1426012106168705030,2021-08-13 02:45:54 UTC,2021-08-13,02:45:54,+0000,1198380331415547904,diorrjoon,üßöüèæ‚Äç‚ôÇÔ∏èfairyc√ºntüßöüèæ‚Äç‚ôÇÔ∏è,,@snapchatsupport @Snapchat @Snap  FUCK YOU FOR ALLOWING LITERAL CHILD P*RN ON YOUR APP,en,"[{'screen_name': 'snapchat', 'name': 'snapchat', 'id': '376502929'}, {'screen_name': 'snap', 'name': 'snap inc.', 'id': '751560747566510081'}]",[],[],5,0,0,[],[],https://twitter.com/diorrjoon/status/1426012106168705030,False,,0,,,,,,,,[],,,,
1426010952391139344,1426010952391139344,2021-08-13 02:41:19 UTC,2021-08-13,02:41:19,+0000,1395220376096018437,freecsauce,CURRI‚Ç¨,,@tolchinocasino Whatcha think of $SNAP,en,[],[],[],1,0,0,[],['snap'],https://twitter.com/freeCSauce/status/1426010952391139344,False,,0,,,,,,,,[],,,,
1426010601072074753,1426010601072074753,2021-08-13 02:39:55 UTC,2021-08-13,02:39:55,+0000,3180063788,getvolatility,Volatility,,"Cheap put options and hedges: $SNAP puts cheaper than 89% of history, $AMRN 89%, $SQQQ 89%, $ETSY 89%, $MT 89%, $ROKU 89%, $SQ 89%",en,[],[],[],0,0,0,[],"['snap', 'amrn', 'sqqq', 'etsy', 'mt', 'roku', 'sq']",https://twitter.com/getvolatility/status/1426010601072074753,False,,0,,,,,,,,[],,,,
1426002388259901441,1426002388259901441,2021-08-13 02:07:17 UTC,2021-08-13,02:07:17,+0000,449174462,petemcguinn,Pete McGuinn,,$SNAP- liking the flow noted by Milt below.  Has been a little sloppy since being rejected just over $80 but has been basing around $75ish. May pull back a little more from here but think the ultimate move is up.  üëá,en,[],[],[],0,0,2,[],['snap'],https://twitter.com/PeteMcGuinn/status/1426002388259901441,False,https://twitter.com/YourBoyMilt/status/1425987908448620547,0,,,,,,,,[],,,,
1426001424337485824,1426001424337485824,2021-08-13 02:03:28 UTC,2021-08-13,02:03:28,+0000,1415432610067718144,wishto6ixty9ine,$WISH TO $69,,$AAPL $TSLA $MSFT  $AMZN $FB $SNAP $TWTTR $PLAY $FSR $WISH $CLOV $NAKD $SNDL $AMC $GME $BB $AAL $SPCE $BABA $PLTN $BA $F $HYLN $RIDE $NIO $CCIV $LI $PLUG $FCEL $RCON $TLRY $ACB $EBON $SOS $MARA $RIOT $CAN $ORCL $DKNG $PENN $NEGG $WISH $SPCE $SGOC $HGEN $NIKE $BA $F $AHT $TLRY,ht,[],[],[],0,0,4,[],"['aapl', 'tsla', 'msft', 'amzn', 'fb', 'snap', 'twttr', 'play', 'fsr', 'wish', 'clov', 'nakd', 'sndl', 'amc', 'gme', 'bb', 'aal', 'spce', 'baba', 'pltn', 'ba', 'f', 'hyln', 'ride', 'nio', 'cciv', 'li', 'plug', 'fcel', 'rcon', 'tlry', 'acb', 'ebon', 'sos', 'mara', 'riot', 'can', 'orcl', 'dkng', 'penn', 'negg', 'wish', 'spce', 'sgoc', 'hgen', 'nike', 'ba', 'f', 'aht', 'tlry']",https://twitter.com/WISHTO6ixty9ine/status/1426001424337485824,False,https://twitter.com/wishto6ixty9ine/status/1425992078165778434,0,,,,,,,,[],,,,
1426001356612112391,1426001356612112391,2021-08-13 02:03:11 UTC,2021-08-13,02:03:11,+0000,1415432610067718144,wishto6ixty9ine,$WISH TO $69,,Elon Musk $TSLA $AMC $GME $SNDL $FUBO $PLTR #AMCSQUEEZE $SPY $AAPL $AMZN $BA NBA Basketball Joe Rogan Donald Trump 2024 Joe Biden $PLUG $FSR $NIO $LI $XL $HYLN $PPBT $GOOGL $TWTTR $BABA $FB $SNAP #SAFEMOON #AKITA #SHIBARMY #AMCAPES #shortsqueeze #apestogetherstrong #darkpoolabuse,in,[],[],[],1,0,1,"['amcsqueeze', 'safemoon', 'akita', 'shibarmy', 'amcapes', 'shortsqueeze', 'apestogetherstrong', 'darkpoolabuse']","['tsla', 'amc', 'gme', 'sndl', 'fubo', 'pltr', 'spy', 'aapl', 'amzn', 'ba', 'plug', 'fsr', 'nio', 'li', 'xl', 'hyln', 'ppbt', 'googl', 'twttr', 'baba', 'fb', 'snap']",https://twitter.com/WISHTO6ixty9ine/status/1426001356612112391,False,https://twitter.com/wishto6ixty9ine/status/1425992078165778434,0,,,,,,,,[],,,,
1426001327025442820,1426001327025442820,2021-08-13 02:03:04 UTC,2021-08-13,02:03:04,+0000,1415432610067718144,wishto6ixty9ine,$WISH TO $69,,#XLM #XRP #DOGECOIN #SAFEMOON #ShibaCoin #ADA #Cardano #BTC¬†¬†¬†#Ethereum $SPY $TSLA $AAPL $SNAP $TWTTR $DKNG $PENN $SOS $EBON $MARA $RIOT $FSR $CCIV #cryptocurrency #altcoin #Bonfire #cryptotwitter #WSB #ALTCOIN #Cardano #AKITACOIN #Binance¬†¬†¬†¬†#BNB¬†¬†#memecoin #BTC,in,[],[],[],0,0,2,"['xlm', 'xrp', 'dogecoin', 'safemoon', 'shibacoin', 'ada', 'cardano', 'btc', 'ethereum', 'cryptocurrency', 'altcoin', 'bonfire', 'cryptotwitter', 'wsb', 'altcoin', 'cardano', 'akitacoin', 'binance', 'bnb', 'memecoin', 'btc']","['spy', 'tsla', 'aapl', 'snap', 'twttr', 'dkng', 'penn', 'sos', 'ebon', 'mara', 'riot', 'fsr', 'cciv']",https://twitter.com/WISHTO6ixty9ine/status/1426001327025442820,False,https://twitter.com/WISHTO6ixty9ine/status/1425992078165778434,0,,,,,,,,[],,,,
1425999054429900805,1425999054429900805,2021-08-13 01:54:03 UTC,2021-08-13,01:54:03,+0000,1416842091867648006,itradeitall1,learn to trade it all,,TradingTips how to pay yourself $mara $riot $sos $amc $gme $bbig $wish $nuro $btc $spy $iwm $qqq $sndl $nakd $open $clov $snap $aapl $tsla $btbt  $baba $acy $xone $ahpi $mrin $xbio $bysi $cxdc $cei $negg $fami $knbe $mdia $dynt $zev $fulc $abvc $orph $cnfr $dyai $rani $naov $pbts,en,[],[],[],0,1,0,[],"['mara', 'riot', 'sos', 'amc', 'gme', 'bbig', 'wish', 'nuro', 'btc', 'spy', 'iwm', 'qqq', 'sndl', 'nakd', 'open', 'clov', 'snap', 'aapl', 'tsla', 'btbt', 'baba', 'acy', 'xone', 'ahpi', 'mrin', 'xbio', 'bysi', 'cxdc', 'cei', 'negg', 'fami', 'knbe', 'mdia', 'dynt', 'zev', 'fulc', 'abvc', 'orph', 'cnfr', 'dyai', 'rani', 'naov', 'pbts']",https://twitter.com/itradeitall1/status/1425999054429900805,False,https://twitter.com/itradeitall1/status/1425902105672495110,0,,,,,,,,[],,,,
1425997674650628098,1425997674650628098,2021-08-13 01:48:34 UTC,2021-08-13,01:48:34,+0000,1071751038737166338,jayanta07749417,Jayanta,,$snap   Real price will come out soon; Follow price targets.....            https://t.co/DdUHroWUQ4,en,[],['http://discord.io/stock-market-watcher'],[],0,0,0,[],['snap'],https://twitter.com/Jayanta07749417/status/1425997674650628098,False,,0,,,,,,,,[],,,,
1425993823822303239,1425982475537461253,2021-08-13 01:33:15 UTC,2021-08-13,01:33:15,+0000,1259626761861468162,mrjohnnychase,Johnny Drama,,@MrZackMorris $wish needs to pull a $snap and hit absolute rock bottom. I think we'll see some selling over the next few months. Probably another rough 2 quarters and then it'll start its way back up to infinity and beyond. Still a good long term hold imo.,en,[],[],[],0,0,3,[],"['wish', 'snap']",https://twitter.com/MrJohnnyChase/status/1425993823822303239,False,,0,,,,,,,,"[{'screen_name': 'MrZackMorris', 'name': 'Zack Morris', 'id': '373620043'}]",,,,
1425988342030774281,1425988342030774281,2021-08-13 01:11:28 UTC,2021-08-13,01:11:28,+0000,799069924450766848,insiderforms,Insider Forms,,"$SNAP Insider Spiegel Evan has Sold 312,113 Shares. Title :Director; 10% Owner; CEO Total Cost: $25,000,344.93 Buy/Sell  : Sell (10b5-1 Plan)  Try Insider Forms mobile app from App Store, get realtime notifications and more   https://t.co/xHvR7YRLDk",en,[],['https://apps.apple.com/us/app/apple-store/id1177283638'],[],0,0,0,[],['snap'],https://twitter.com/InsiderForms/status/1425988342030774281,False,,0,,,,,,,,[],,,,
1425987908448620547,1425987908448620547,2021-08-13 01:09:45 UTC,2021-08-13,01:09:45,+0000,55499227,yourboymilt,Milt,,"$SNAP Read It's ready soon. üåä Flow 10k+: 66% üêÇ ‚åöÔ∏èExp: 8/20 üêÇ üî® Strikes: 75üêÇ üìä Hourly: Battle at 75 to break out of the downtrend. Potential head n shoulders üìù Levels Upside: 75.72, 76.47, 77.43, 78.65 Downside: 74.75, 73.95, 72.45, 71.86  https://t.co/5TGQlWvgi0",en,[],[],"['https://pbs.twimg.com/media/E8of0MoVkAgKFeY.jpg', 'https://pbs.twimg.com/media/E8ogZmAVUAA-LV5.jpg']",1,0,18,[],['snap'],https://twitter.com/YourBoyMilt/status/1425987908448620547,False,,1,https://pbs.twimg.com/media/E8of0MoVkAgKFeY.jpg,,,,,,,[],,,,
1425986264575119360,1425986264575119360,2021-08-13 01:03:13 UTC,2021-08-13,01:03:13,+0000,1371371521621508097,day_trading_de,day-trading.de,,"SNAP (Snap Inc) üö® #Insider #stock alert! üí∞ #Sale on 2021-08-10 - $SNAP üá∫üá∏: Spiegel Evan (10%+ Owner)  (Chief Executive Officer), total amount $25.000.344. Float 1,124.00M shares",en,[],[],[],0,0,0,"['insider', 'stock', 'sale']",['snap'],https://twitter.com/day_trading_de/status/1425986264575119360,False,,0,,,,,,,,[],,,,
1425986034542776322,1425986034542776322,2021-08-13 01:02:18 UTC,2021-08-13,01:02:18,+0000,4312114277,fintel_io,Fintel,,"Insider Evan Spiegel reports selling 312,113 shares of $SNAP for a total cost of $25,000,344.93  https://t.co/8SOkV6xzzQ",en,[],['https://fintel.io/n/us/snap/spiegel-evan?utm_source=Twitter&utm_medium=Social&utm_campaign=insider'],[],0,0,0,[],['snap'],https://twitter.com/fintel_io/status/1425986034542776322,False,,0,,,,,,,,[],,,,
1425985822503940099,1425985822503940099,2021-08-13 01:01:28 UTC,2021-08-13,01:01:28,+0000,1069693680066420736,flashalert_me,Flash Alert,,"$SNAP [15s. delayed] filed SEC form 4: Chief Executive Officer Spiegel Evan:  Disposed 312,113 of Class A Common Stock at price $80.1 on 2021-08-10, decreased holding by 1% to 36,581,337 shares   https://t.co/aNg5uaVTou",en,[],['https://s.flashalert.me/1Uqf8'],[],0,0,0,[],['snap'],https://twitter.com/FlashAlert_me/status/1425985822503940099,False,,0,,,,,,,,[],,,,
1425984204081348612,1425984204081348612,2021-08-13 00:55:02 UTC,2021-08-13,00:55:02,+0000,1161445893666553861,dotla,dot.LA,,".@trustdotco, a Santa Monica-based startup launched by a group of former @Snap employees, has raised $9 million to make the advertising process friendlier for smaller #ecommerce companies and direct-to-consumer brands.   https://t.co/Riuuy7L2zY",en,"[{'screen_name': 'trustdotco', 'name': 'trust', 'id': '1110458197892976640'}, {'screen_name': 'snap', 'name': 'snap inc.', 'id': '751560747566510081'}]",['https://dot.la/trust-adtech-2654636879.html'],[],0,1,4,['ecommerce'],[],https://twitter.com/dotLA/status/1425984204081348612,False,,0,,,,,,,,[],,,,
1425982403584086024,1425982403584086024,2021-08-13 00:47:53 UTC,2021-08-13,00:47:53,+0000,1218208096889208834,jpatrades,John Trades,,This is insane 650k impressions beyond blessed ‚ù§Ô∏è thank you so much #fintwit   $AMC $DDD $MVST $GME $AMD $NVDA $AMZN $RBLX $SNAP $BA $TSLA $PLTR $SQ $AAPL $COIN $FB $DKNG $PLUG $NFLX $NIO #FinTwitt #investing #stockmarketnews #fintwit #invest  https://t.co/ChKAaSEXEF,en,[],[],['https://pbs.twimg.com/media/E8obcGUXMAQoOhI.jpg'],2,0,5,"['fintwit', 'fintwitt', 'investing', 'stockmarketnews', 'fintwit', 'invest']","['amc', 'ddd', 'mvst', 'gme', 'amd', 'nvda', 'amzn', 'rblx', 'snap', 'ba', 'tsla', 'pltr', 'sq', 'aapl', 'coin', 'fb', 'dkng', 'plug', 'nflx', 'nio']",https://twitter.com/JPATrades/status/1425982403584086024,False,,1,https://pbs.twimg.com/media/E8obcGUXMAQoOhI.jpg,,,,,,,[],,,,
1425980429904093185,1425980429904093185,2021-08-13 00:40:02 UTC,2021-08-13,00:40:02,+0000,14162740,jchengery,Joe Chengery,,"Trust in #productreviews a critical factor in #Amazon's success; if that trust is eroded via tactics mentioned in prior tweets, could impact $AMZN's bottom line. #digitalmarketing #ecommerce #mcommerce #retail #SEO #SEM $WMT $TGT $BABA $FB $TWTR $PINS $SNAP",en,[],[],[],0,0,0,"['productreviews', 'amazon', 'digitalmarketing', 'ecommerce', 'mcommerce', 'retail', 'seo', 'sem']","['amzn', 'wmt', 'tgt', 'baba', 'fb', 'twtr', 'pins', 'snap']",https://twitter.com/jchengery/status/1425980429904093185,False,,0,,,,,,,,[],,,,
1425979905083420679,1425975635231576064,2021-08-13 00:37:57 UTC,2021-08-13,00:37:57,+0000,1331452042464825346,super_kent_trad,Super Trader KENTüî±,,@BigTunaBets What irks me is furus trying say its like snap when it dropped as much.  If it were that easy why would you buy now vs when it rebounded like $snap. I'm not catching falling knifes. I'm waiting in a reason to enter,en,[],[],[],1,0,1,[],['snap'],https://twitter.com/SUPER_Kent_trad/status/1425979905083420679,False,,0,,,,,,,,"[{'screen_name': 'BigTunaBets', 'name': 'Big Tuna Bets', 'id': '1264048854678286337'}]",,,,
1425978177717932032,1425969555353051142,2021-08-13 00:31:05 UTC,2021-08-13,00:31:05,+0000,1409037678553833472,kazzhyuga,Kazz Hyuga,,@loganclark_1 @SnapAR @Snap @lenslist Thank You üò≠‚ù§Ô∏è,en,[],[],[],0,0,1,[],[],https://twitter.com/KazzHyuga/status/1425978177717932032,False,,0,,,,,,,,"[{'screen_name': 'loganclark_1', 'name': 'Logan Clark', 'id': '1416076309722279939'}, {'screen_name': 'SnapAR', 'name': 'Snap AR', 'id': '941446297315295232'}, {'screen_name': 'Snap', 'name': 'Snap Inc.', 'id': '751560747566510081'}, {'screen_name': 'lenslist', 'name': 'Lenslist', 'id': '978026408730677248'}]",,,,
1425977940353945603,1425977940353945603,2021-08-13 00:30:09 UTC,2021-08-13,00:30:09,+0000,14162740,jchengery,Joe Chengery,,"Some #Amazon sellers offer consumers full refunds/gift cards/other incentives 2 tweak/delete #negativereviews, which raises their avg rating/can lead 2 more exposure in $AMZN searches. #digitalmarketing #ecommerce #mcommerce #retail #SEO #SEM $WMT $TGT $BABA $FB $TWTR $PINS $SNAP",en,[],[],[],0,0,0,"['amazon', 'negativereviews', 'digitalmarketing', 'ecommerce', 'mcommerce', 'retail', 'seo', 'sem']","['amzn', 'wmt', 'tgt', 'baba', 'fb', 'twtr', 'pins', 'snap']",https://twitter.com/jchengery/status/1425977940353945603,False,,0,,,,,,,,[],,,,
1425977659511775238,1425977659511775238,2021-08-13 00:29:02 UTC,2021-08-13,00:29:02,+0000,2785142136,scot1andt,Scot1and üìàü•É,,$snap was a dog then. No reason to own it the buy signal was later when then surpassed earnings and gapped up on big volume to $8.  The story on $wish has changed - it showed now growth and losing user base.  Until that changes it‚Äôs not worth owing.,en,[],[],[],1,0,20,[],"['snap', 'wish']",https://twitter.com/Scot1andT/status/1425977659511775238,False,https://twitter.com/redhoodtrading/status/1425926711917617155,0,,,,,,,,[],,,,
1425976497227980809,1425976497227980809,2021-08-13 00:24:24 UTC,2021-08-13,00:24:24,+0000,39295914,thinkla,ThinkLA,,"Shoutout to our sponsors @VizioAds @iHeartMedia @Samsung_Ads @Snap and @TremorVideo for making this night even more special. If you haven‚Äôt picked up your swag bag, we will be at @WaltonIsaacson tomorrow from 10 AM - 12 PM.",en,"[{'screen_name': 'vizioads', 'name': 'vizioads', 'id': '1272564865551355906'}, {'screen_name': 'iheartmedia', 'name': 'iheartmedia', 'id': '95735455'}, {'screen_name': 'samsung_ads', 'name': 'samsung ads', 'id': '892461957726515200'}, {'screen_name': 'snap', 'name': 'snap inc.', 'id': '751560747566510081'}, {'screen_name': 'tremorvideo', 'name': 'tremor video', 'id': '897861542401781760'}, {'screen_name': 'waltonisaacson', 'name': 'walton isaacson', 'id': '33999317'}]",[],[],0,0,2,[],[],https://twitter.com/ThinkLA/status/1425976497227980809,False,,0,,,,,,,,[],,,,
1425975777422495751,1425975777422495751,2021-08-13 00:21:33 UTC,2021-08-13,00:21:33,+0000,739575120671346688,_optionincome,Option$IncomeTradingüí∞üçí,,$20-30K/month income SELLING monthly options premium 45 DTE max.   Premium selling lineup. $SPY $QQQ $TSLA $PLTR $SOFI $SPCE $CCIV $AMD $SNAP $RBLX $UPST  Great start to the week for my September expirations! $5084 in Call and Put premium collected.  https://t.co/qOHhlJpz35,en,[],[],['https://pbs.twimg.com/media/E8oUunxVcAAaO-Z.png'],0,1,3,[],"['spy', 'qqq', 'tsla', 'pltr', 'sofi', 'spce', 'cciv', 'amd', 'snap', 'rblx', 'upst']",https://twitter.com/_OptionIncome/status/1425975777422495751,False,,1,https://pbs.twimg.com/media/E8oUunxVcAAaO-Z.png,,,,,,,[],,,,
1425975396831567877,1425975396831567877,2021-08-13 00:20:02 UTC,2021-08-13,00:20:02,+0000,14162740,jchengery,Joe Chengery,,"#Amazon sellers use many methods 2 gather #customerdata, includ email address extraction services, matching adds 2 shipping info; some $AMZN employees have allegedly taken bribes 4 sharing data. #digitalmarketing #ecommerce #mcommerce #retail $WMT $TGT $BABA $FB $TWTR $PINS $SNAP",en,[],[],[],0,1,0,"['amazon', 'customerdata', 'digitalmarketing', 'ecommerce', 'mcommerce', 'retail']","['amzn', 'wmt', 'tgt', 'baba', 'fb', 'twtr', 'pins', 'snap']",https://twitter.com/jchengery/status/1425975396831567877,False,,0,,,,,,,,[],,,,
1425974237492359173,1425972699826958336,2021-08-13 00:15:26 UTC,2021-08-13,00:15:26,+0000,1046732386032119808,cypher_capital,CYPHER,,@garyblack00 $SNAP higher than $NVDA? üßê really?,en,[],[],[],0,0,0,[],"['snap', 'nvda']",https://twitter.com/Cypher_Capital/status/1425974237492359173,False,,0,,,,,,,,"[{'screen_name': 'garyblack00', 'name': 'Gary Black', 'id': '1161703589942878208'}]",,,,
1425973382219194369,1425973382219194369,2021-08-13 00:12:02 UTC,2021-08-13,00:12:02,+0000,3033188231,stockhawk247,Stock Hawk 24/7,,"Highest volume options in the last hour: $UPST, $IP, $LCID, $PENN, $AAPL, $DIS, $MA, $MU, $ASAN, $LYFT, $TPR, $NIO, $TSLA, $HYRE, $AA, $SNAP, $FSR, $WDC, $UTZ, $CSX, $CSCO, $SPCE, $CMCSA, $APT, $VST, $SEAS, $WISH, $SOFI, $AON, $SONO, $RIOT, $V, $CNC, $SLB, $MNMD, $AMZN, $MRNA  https://t.co/X6aoOvJPlL",in,[],[],['https://pbs.twimg.com/media/E8oTNKhXEAETyHd.jpg'],0,0,0,[],"['upst', 'ip', 'lcid', 'penn', 'aapl', 'dis', 'ma', 'mu', 'asan', 'lyft', 'tpr', 'nio', 'tsla', 'hyre', 'aa', 'snap', 'fsr', 'wdc', 'utz', 'csx', 'csco', 'spce', 'cmcsa', 'apt', 'vst', 'seas', 'wish', 'sofi', 'aon', 'sono', 'riot', 'v', 'cnc', 'slb', 'mnmd', 'amzn', 'mrna']",https://twitter.com/StockHawk247/status/1425973382219194369,False,,1,https://pbs.twimg.com/media/E8oTNKhXEAETyHd.jpg,,,,,,,[],,,,
1425973379715125248,1423706443656482817,2021-08-13 00:12:01 UTC,2021-08-13,00:12:01,+0000,1365813842375139329,algoswings,AlgoSwings,,$SNAP Update - continues working it's way lower. Can have another spike before heading back down  https://t.co/BHFZ6qiRaj,en,[],[],['https://pbs.twimg.com/media/E8oTOUzVkAELaSW.jpg'],0,0,0,[],['snap'],https://twitter.com/AlgoSwings/status/1425973379715125248,False,,1,https://pbs.twimg.com/media/E8oTOUzVkAELaSW.jpg,,,,,,,[],,,,
1425973165952430082,1425973165952430082,2021-08-13 00:11:10 UTC,2021-08-13,00:11:10,+0000,39363886,benbsp,Ben Lamson,,$SNAP big 20Aug put buying at $70 and $61 strike late today...keep a watch. Planning on rolling out of my $76.50p expiring tomorrow and will watch the rest of the day for what to buy for next weeküî•üíïüî•üí∞üí∞üí∞üí∞,en,[],[],[],0,0,2,[],['snap'],https://twitter.com/BenBSP/status/1425973165952430082,False,,0,,,,,,,,[],,,,
1425972879573782533,1425972879573782533,2021-08-13 00:10:02 UTC,2021-08-13,00:10:02,+0000,14162740,jchengery,Joe Chengery,,Some #Amazon buyers r rpting they've received emails from sellers whom they had not given their email addresses to - sellers technically not allowed 2 engage w customers outside $AMZN interface. #digitalmarketing #ecommerce #mcommerce #retail $WMT $TGT $BABA $FB $TWTR $PINS $SNAP,en,[],[],[],0,3,1,"['amazon', 'digitalmarketing', 'ecommerce', 'mcommerce', 'retail']","['amzn', 'wmt', 'tgt', 'baba', 'fb', 'twtr', 'pins', 'snap']",https://twitter.com/jchengery/status/1425972879573782533,False,,0,,,,,,,,[],,,,
1425972699826958336,1425972699826958336,2021-08-13 00:09:19 UTC,2021-08-13,00:09:19,+0000,1161703589942878208,garyblack00,Gary Black,,"UPDATED:  My top 10 longs, based on my view that higher inflation is transitory, and secular growth will continue to outperform value. 1. $TSLA 2. $GOOGL 3. $TTD 4. $CMG 5. $GNRC 6. $SNAP 7. $NKE 8. $FB 9. $NVDA 10. $TWTR Disclaimer: This list could change without notice.",en,[],[],[],63,50,640,[],"['tsla', 'googl', 'ttd', 'cmg', 'gnrc', 'snap', 'nke', 'fb', 'nvda', 'twtr']",https://twitter.com/garyblack00/status/1425972699826958336,False,,0,,,,,,,,[],,,,
1425970629728104448,1425933814140858368,2021-08-13 00:01:06 UTC,2021-08-13,00:01:06,+0000,1346533413453369344,fedprinter1,fedprinter,,@Trade_4_Freedom @TLPrivate_ $snap looks done after the failed breakout. What are your targets?,en,[],[],[],1,0,0,[],['snap'],https://twitter.com/fedprinter1/status/1425970629728104448,False,,0,,,,,,,,"[{'screen_name': 'Trade_4_Freedom', 'name': 'Sunil Gupta', 'id': '1412252036213653505'}, {'screen_name': 'TLPrivate_', 'name': 'TLPrivate', 'id': '1201986466601000960'}]",,,,
1425969629038579722,1425969555353051142,2021-08-12 23:57:07 UTC,2021-08-12,23:57:07,+0000,1416076309722279939,loganclark_1,Logan Clark,,@KazzHyuga @SnapAR @Snap @lenslist You‚Äôre so artistic!!,en,[],[],[],1,0,1,[],[],https://twitter.com/loganclark_1/status/1425969629038579722,False,,0,,,,,,,,"[{'screen_name': 'KazzHyuga', 'name': 'Kazz Hyuga', 'id': '1409037678553833472'}, {'screen_name': 'SnapAR', 'name': 'Snap AR', 'id': '941446297315295232'}, {'screen_name': 'Snap', 'name': 'Snap Inc.', 'id': '751560747566510081'}, {'screen_name': 'lenslist', 'name': 'Lenslist', 'id': '978026408730677248'}]",,,,
1425968910994591746,1425968910994591746,2021-08-12 23:54:16 UTC,2021-08-12,23:54:16,+0000,39295914,thinkla,ThinkLA,,Don‚Äôt forget to use the awesome lens @Snap created for our special night! Use #thinkawards or tag us to share your selfies with us.  https://t.co/ikhtZgkduH,en,"[{'screen_name': 'snap', 'name': 'snap inc.', 'id': '751560747566510081'}]",[],['https://pbs.twimg.com/media/E8oPH_TVIAIhbsx.png'],0,0,1,['thinkawards'],[],https://twitter.com/ThinkLA/status/1425968910994591746,False,,1,https://pbs.twimg.com/media/E8oPH_TVIAIhbsx.png,,,,,,,[],,,,
1425963861627318275,1425938180671516683,2021-08-12 23:34:12 UTC,2021-08-12,23:34:12,+0000,144163667,mos1n,MoMo,,"@ripster47 @PJ_Matlock @MrZackMorris Weak hands cry. $SNAP did the same. $AMD did the same thing, I was in them. Kept scaling in. $WISH will do the same.  Paytience Pays. Trading isn‚Äôt for bitches.",en,[],[],[],0,0,1,[],"['snap', 'amd', 'wish']",https://twitter.com/mos1n/status/1425963861627318275,False,,0,,,,,,,,"[{'screen_name': 'ripster47', 'name': 'Ripster', 'id': '1054561163843751936'}, {'screen_name': 'PJ_Matlock', 'name': 'PJ Matlock', 'id': '888225282334871553'}, {'screen_name': 'MrZackMorris', 'name': 'Zack Morris', 'id': '373620043'}]",,,,
1425963055549231104,1425963055549231104,2021-08-12 23:31:00 UTC,2021-08-12,23:31:00,+0000,1336316962570260481,alwaysatrader,James Cooper üìàüí∞,,Congratulations to all who followed our playsüí∏üëè  $AAPL   $TSLA   $AMZN   $FB   üéØ~Chat-Room details in Bio~üéØ  Welcome !  $NFLX $AMD $SPY $MSFT $NIO $NVDA $TWTR $BB $NOK $QQQ $AMC $GME $SNAP $PLTR $CCIV $PLUG $SQ $GE $ZOM $F $SPCE $FCEL $ACB $OCGN $WHS $SHOP $TLRY $MU  #stocks  https://t.co/z8QZb8zOYA,en,[],[],['https://pbs.twimg.com/media/E8mkrKmVEAU4z2u.jpg'],1,0,2,['stocks'],"['aapl', 'tsla', 'amzn', 'fb', 'nflx', 'amd', 'spy', 'msft', 'nio', 'nvda', 'twtr', 'bb', 'nok', 'qqq', 'amc', 'gme', 'snap', 'pltr', 'cciv', 'plug', 'sq', 'ge', 'zom', 'f', 'spce', 'fcel', 'acb', 'ocgn', 'whs', 'shop', 'tlry', 'mu']",https://twitter.com/Alwaysatrader/status/1425963055549231104,False,,1,https://pbs.twimg.com/media/E8mkrKmVEAU4z2u.jpg,,,,,,,[],,,,
1425961507888656389,1425869262372044802,2021-08-12 23:24:51 UTC,2021-08-12,23:24:51,+0000,4659667574,abel_leos12,Abel leos,,@Snap,und,[],[],[],0,0,0,[],[],https://twitter.com/abel_leos12/status/1425961507888656389,False,,0,,,,,,,,[],,,,
1425960943444500483,1422335344570114071,2021-08-12 23:22:36 UTC,2021-08-12,23:22:36,+0000,2191959950,bitrusshedrach1,Eric Williams,,@DilipChowdhar18 @snapchatsupport @Snapchat @Snap Message#hacke.r2889 on Instagram he is trusted and legit,en,[],[],[],0,0,0,[],[],https://twitter.com/Bitrusshedrach1/status/1425960943444500483,False,,0,,,,,,,,"[{'screen_name': 'DilipChowdhar18', 'name': 'Dilip Chowdhary', 'id': '1128562379170533376'}, {'screen_name': 'snapchatsupport', 'name': 'Snapchat Support', 'id': '2409543974'}, {'screen_name': 'Snapchat', 'name': 'Snapchat', 'id': '376502929'}, {'screen_name': 'Snap', 'name': 'Snap Inc.', 'id': '751560747566510081'}]",,,,
1425959394580340741,1425918122171764738,2021-08-12 23:16:27 UTC,2021-08-12,23:16:27,+0000,2191959950,bitrusshedrach1,Eric Williams,,@oliverlezama17 @Snapchat @snapchatsupport @Snap Message#hacke.r2889 on Instagram he is trusted and legit,en,[],[],[],0,0,0,[],[],https://twitter.com/Bitrusshedrach1/status/1425959394580340741,False,,0,,,,,,,,"[{'screen_name': 'oliverlezama17', 'name': 'oliver', 'id': '1356361397874151435'}, {'screen_name': 'Snapchat', 'name': 'Snapchat', 'id': '376502929'}, {'screen_name': 'snapchatsupport', 'name': 'Snapchat Support', 'id': '2409543974'}, {'screen_name': 'Snap', 'name': 'Snap Inc.', 'id': '751560747566510081'}]",,,,
1425956452519354370,1425956019637608449,2021-08-12 23:04:45 UTC,2021-08-12,23:04:45,+0000,1317220232528789504,sugardaddy1776,Uncle Sam (Parody),,@Trendspider_J Hey Jake could you take a gander at $SNAP,en,[],[],[],0,0,0,[],['snap'],https://twitter.com/sugardaddy1776/status/1425956452519354370,False,,0,,,,,,,,"[{'screen_name': 'Trendspider_J', 'name': 'Jake Wujastyk', 'id': '887754279125221378'}]",,,,
1425956159001747457,1425785650318483462,2021-08-12 23:03:35 UTC,2021-08-12,23:03:35,+0000,1047892658574700544,dcsf08,dcsf08,,"@saxena_puru Since last update:  BUYS: $U, $UPST, #ES_F SELLS: $AFTPY, $FVRR, $ROKU, $SNAP  also, sold $UPST then bought it back for much higher a few days later",en,[],[],[],0,0,1,['es_f'],"['u', 'upst', 'aftpy', 'fvrr', 'roku', 'snap', 'upst']",https://twitter.com/dcsf08/status/1425956159001747457,False,,0,,,,,,,,"[{'screen_name': 'saxena_puru', 'name': 'Puru Saxena', 'id': '1033127171298975744'}]",,,,
1425955813538123780,1425955813538123780,2021-08-12 23:02:13 UTC,2021-08-12,23:02:13,+0000,14992263,richlightshed,"Rich Greenfield, LightShed",,How do we spell #metaverse @BrandoLightShed   S N A P C H A T  $SNAP @Snapchat @evanspiegel  https://t.co/JmVBBU67W1,en,"[{'screen_name': 'brandolightshed', 'name': 'brandon ross', 'id': '21211272'}, {'screen_name': 'snapchat', 'name': 'snapchat', 'id': '376502929'}, {'screen_name': 'evanspiegel', 'name': 'evan spiegel', 'id': '230287527'}]",[],['https://pbs.twimg.com/media/E8oDQIQWYAEFpFj.jpg'],1,0,5,['metaverse'],['snap'],https://twitter.com/RichLightShed/status/1425955813538123780,False,,1,https://pbs.twimg.com/media/E8oDQIQWYAEFpFj.jpg,,,,,,,[],,,,
1425950994966491136,1425950994966491136,2021-08-12 22:43:04 UTC,2021-08-12,22:43:04,+0000,1242678659401633793,dhaddyseth,ùë´ùíâùíÇùíÖùíÖùíö ùë∫ùíÜùíïùíâ üé∏,, https://t.co/CMrV77YWcc  ‚òùÔ∏è‚òùÔ∏è‚òùÔ∏è‚òùÔ∏è‚òùÔ∏è‚òùÔ∏è‚òùÔ∏è‚òùÔ∏è‚òùÔ∏è‚òùÔ∏è‚òùÔ∏è Hi guys add me up on @Snapchat  @Snap @snapchatsupport  https://t.co/62vaRaqn8j,en,"[{'screen_name': 'snapchat', 'name': 'snapchat', 'id': '376502929'}, {'screen_name': 'snap', 'name': 'snap inc.', 'id': '751560747566510081'}, {'screen_name': 'snapchatsupport', 'name': 'snapchat support', 'id': '2409543974'}]",['https://www.snapchat.com/add/dhaddyseth'],['https://pbs.twimg.com/media/E8n-26PXsAQhldD.jpg'],0,0,2,[],[],https://twitter.com/DhaddySeth/status/1425950994966491136,False,,1,https://pbs.twimg.com/media/E8n-26PXsAQhldD.jpg,,,,,,,[],,,,
1425950213223690249,1425950213223690249,2021-08-12 22:39:58 UTC,2021-08-12,22:39:58,+0000,1218208096889208834,jpatrades,John Trades,,All the feels ü•∫‚ù§Ô∏è I do it all for you guys üòÉ  $AMC $DDD $MVST $GME $AMD $NVDA $AMZN $RBLX $SNAP $BA $TSLA $PLTR $SQ $AAPL $COIN $FB $DKNG $PLUG $NFLX $NIO #FinTwitt #investing #stockmarketnews #fintwit #invest  https://t.co/ovNbsHTsmq,en,[],[],['https://pbs.twimg.com/media/E8n-KWtX0AE4rpT.jpg'],1,0,5,"['fintwitt', 'investing', 'stockmarketnews', 'fintwit', 'invest']","['amc', 'ddd', 'mvst', 'gme', 'amd', 'nvda', 'amzn', 'rblx', 'snap', 'ba', 'tsla', 'pltr', 'sq', 'aapl', 'coin', 'fb', 'dkng', 'plug', 'nflx', 'nio']",https://twitter.com/JPATrades/status/1425950213223690249,False,,1,https://pbs.twimg.com/media/E8n-KWtX0AE4rpT.jpg,,,,,,,[],,,,
1425949616646799365,1425949616646799365,2021-08-12 22:37:36 UTC,2021-08-12,22:37:36,+0000,1159422896181264384,hyperiormedia,Hyperior Media,,"$Wish is a bumpy ride but I am still bullish. Remember there a many billion dollar companies burning way more money: $Snap, $Uber, $Lyft,  $Pins, $Z, $Work. I still think and now even more that it is a buy. Why? (1) Team, (2) Logistics, (3) IT, (4) strong institutional 1/2",en,[],[],[],1,0,1,[],"['wish', 'snap', 'uber', 'lyft', 'pins', 'z', 'work']",https://twitter.com/HyperiorMedia/status/1425949616646799365,False,,0,,,,,,,,[],,,,
1425949047710359553,1425949047710359553,2021-08-12 22:35:20 UTC,2021-08-12,22:35:20,+0000,1296939013895462912,gaaoptions,GAA Options,,Following my preset rules= profitable week‚úÖ  Week Recap All my #alerts $riot 1.7 to 4.7üöÄ $mara 2 to 4üöÄ $snap 1.15 to 2üí∞ $x 1.5 to 2.6üí∞ $tsla 4 to 6.5üí∞ $nvda 1.3 to 2.2üí∞ $qqq 1.4 to 1.2üîª $jpm .7 to .4üîª $fb .75 to 1.1üí∏ $pfe .32 to .56üí∞ $tsla 2 to 3üí∞  #LOTTOFriday ready!  https://t.co/ashysYEeA3,en,[],[],"['https://pbs.twimg.com/media/E8n9GW6UcAIUDm9.jpg', 'https://pbs.twimg.com/media/E8n9GW4VIAMOXyP.jpg', 'https://pbs.twimg.com/media/E8n9GW_UcAQVfW9.jpg']",6,3,41,"['alerts', 'lottofriday']","['riot', 'mara', 'snap', 'x', 'tsla', 'nvda', 'qqq', 'jpm', 'fb', 'pfe', 'tsla']",https://twitter.com/GaaOptions/status/1425949047710359553,False,https://twitter.com/gaaoptions/status/1423727045712908289,1,https://pbs.twimg.com/media/E8n9GW6UcAIUDm9.jpg,,,,,,,[],,,,
1425947704442589185,1425947704442589185,2021-08-12 22:30:00 UTC,2021-08-12,22:30:00,+0000,166597717,theflynews,The Fly,,REPORT: UK's competition watchdog may force Facebook to sell Giphy $FB $SNAP $TWTR  https://t.co/uoCsWX3vkb,en,[],['https://bit.ly/2Ub8tqa'],[],0,1,1,[],"['fb', 'snap', 'twtr']",https://twitter.com/theflynews/status/1425947704442589185,False,,0,,,,,,,,[],,,,
1425946317675708431,1425933814140858368,2021-08-12 22:24:29 UTC,2021-08-12,22:24:29,+0000,1412252036213653505,trade_4_freedom,Sunil Gupta,,@TLPrivate_ Not bad. Sized up and concentrated in $TSLA and $DLO. Did couple of silly execution errors. Was able to focus because of sizing up but then missed out on $UPST move. Had it on the focus list. Was able to add more of $SNAP at $75.09 with very low risk.,en,[],[],[],2,0,1,[],"['tsla', 'dlo', 'upst', 'snap']",https://twitter.com/Trade_4_Freedom/status/1425946317675708431,False,,0,,,,,,,,"[{'screen_name': 'TLPrivate_', 'name': 'TLPrivate', 'id': '1201986466601000960'}]",,,,
1425945187923103747,1425945187923103747,2021-08-12 22:20:00 UTC,2021-08-12,22:20:00,+0000,1345666465870061568,right__stocks,Right Stock Alerts,,$penn $mara $fsr $tsla $opti $spy  $aapl $pltr $sos $srne $snap $fb $coin $btbt $aal $dkng $mvis $sndl  $nakd $nio $gme $sunw $fubo $amd $amc $coin $wkhs $riot $msft   WE ALERTED $SPCE at $19 RAN TO $57 (200% GAIN)  DAILY ALERTS   $15 ONE TIME FEE!  BEAT THAT üëáüëá üö®LINK IN BIOüö®,en,[],[],[],0,0,0,[],"['penn', 'mara', 'fsr', 'tsla', 'opti', 'spy', 'aapl', 'pltr', 'sos', 'srne', 'snap', 'fb', 'coin', 'btbt', 'aal', 'dkng', 'mvis', 'sndl', 'nakd', 'nio', 'gme', 'sunw', 'fubo', 'amd', 'amc', 'coin', 'wkhs', 'riot', 'msft', 'spce']",https://twitter.com/Right__Stocks/status/1425945187923103747,False,,0,,,,,,,,[],,,,
1425944548128210945,1425944548128210945,2021-08-12 22:17:27 UTC,2021-08-12,22:17:27,+0000,1365450821270466562,timmytu03877663,Timmy Turner,,Thank God I sold $WISH on Monday after that big Green Day. Still think this eventually flies and hits $100. Cheap global e-commerce giant in the making. Kind of like $ETSY meets $SNAP,en,[],[],[],0,0,1,[],"['wish', 'etsy', 'snap']",https://twitter.com/TimmyTu03877663/status/1425944548128210945,False,,0,,,,,,,,[],,,,
1425944453009707008,1425944453009707008,2021-08-12 22:17:05 UTC,2021-08-12,22:17:05,+0000,1413147904655564818,ajithku65,Ajith Kumar,,$AAPL about to squeeze!!! Major naked short attack hereüí∏  $AAPL $MSFT $NOK $SNAP $ATHN $ATOS $AKER $MAT $JD $MINI $ALKS $TAPR $GERN $CIFS $JBZY $BYOC $OPGN $AMZN $CBIS $IMLFF $MU $RXMD $VDRM $AMD $FNMA $AKS $FB $DRYS $AMZN $NVDA $mrns $ROKU  https://t.co/UmJCTn1qwF,en,[],[],['https://pbs.twimg.com/media/E8n47BUXoAMB6a1.png'],0,0,0,[],"['aapl', 'aapl', 'msft', 'nok', 'snap', 'athn', 'atos', 'aker', 'mat', 'jd', 'mini', 'alks', 'tapr', 'gern', 'cifs', 'jbzy', 'byoc', 'opgn', 'amzn', 'cbis', 'imlff', 'mu', 'rxmd', 'vdrm', 'amd', 'fnma', 'aks', 'fb', 'drys', 'amzn', 'nvda', 'mrns', 'roku']",https://twitter.com/AjithKu65/status/1425944453009707008,False,,1,https://pbs.twimg.com/media/E8n47BUXoAMB6a1.png,,,,,,,[],,,,
1425943880885628928,1425943880885628928,2021-08-12 22:14:48 UTC,2021-08-12,22:14:48,+0000,1353211811638751234,tiger01255,Tiger,,Alerted live in chat. Don't forget to take profits   $NKLA $AZN $GSPC $IXIC $DJI $CYDY $DOGE $JE $BTC $MNST $BLI $NTNX $ISRG $RUT $VYST $GHC $GRWG $OPK $COST $NKLAW $NLST $TAAS $LINK $MO $XRP $TMO $MMM $DECN $BB $BABA $SNAP $SPY  https://t.co/Ntd15hcpQ7,en,[],[],['https://pbs.twimg.com/media/E8n4ZtuWUAUQ6dy.png'],0,0,0,[],"['nkla', 'azn', 'gspc', 'ixic', 'dji', 'cydy', 'doge', 'je', 'btc', 'mnst', 'bli', 'ntnx', 'isrg', 'rut', 'vyst', 'ghc', 'grwg', 'opk', 'cost', 'nklaw', 'nlst', 'taas', 'link', 'mo', 'xrp', 'tmo', 'mmm', 'decn', 'bb', 'baba', 'snap', 'spy']",https://twitter.com/Tiger01255/status/1425943880885628928,False,,1,https://pbs.twimg.com/media/E8n4ZtuWUAUQ6dy.png,,,,,,,[],,,,
1425943698643329025,1423324754921021443,2021-08-12 22:14:05 UTC,2021-08-12,22:14:05,+0000,1390643248566263813,darryl_brian,Brian Darryl,,@okayylexie @snapchatsupport @Snapchat @Snap Chat up ultimate.hack6 on Instagram for help,en,[],[],[],0,0,0,[],[],https://twitter.com/darryl_brian/status/1425943698643329025,False,,0,,,,,,,,"[{'screen_name': 'okayylexie', 'name': 'lexie ‚ù§Ô∏è\u200düî•', 'id': '1420071629095374850'}, {'screen_name': 'snapchatsupport', 'name': 'Snapchat Support', 'id': '2409543974'}, {'screen_name': 'Snapchat', 'name': 'Snapchat', 'id': '376502929'}, {'screen_name': 'Snap', 'name': 'Snap Inc.', 'id': '751560747566510081'}]",,,,
1425940873573978119,1425940873573978119,2021-08-12 22:02:51 UTC,2021-08-12,22:02:51,+0000,1273844033861844993,jarvis_alerts,Jarvis-Alerts,,"$SNAP 80C Exp:20-Aug-21 --  üöÄ Total(Day): $28,182  $SNAP 80C Exp:17-Sep-21 --  üöÄ &lt;R&gt; Total(Day): $410,925  #SmartMoneyFlow  charts: courtesy of finviz  https://t.co/HwuhriVK8L",en,[],[],['https://pbs.twimg.com/media/E8n1qxGXoAk3vqL.png'],0,0,2,['smartmoneyflow'],"['snap', 'snap']",https://twitter.com/Jarvis_Alerts/status/1425940873573978119,False,,1,https://pbs.twimg.com/media/E8n1qxGXoAk3vqL.png,,,,,,,[],,,,
1425940160428920835,1425940160428920835,2021-08-12 22:00:01 UTC,2021-08-12,22:00:01,+0000,1345666465870061568,right__stocks,Right Stock Alerts,,$penn $mara $fsr $tsla $opti $spy $aapl $pltr $sos $srne $snap $fb $coin $btbt $aal $dkng $mvis $sndl  $nakd $nio $gme $sunw $fubo  $amd $amc $coin $wkhs $riot $msft   WE ALERTED $SPCE at $19 RAN TO $57 (200% GAIN)  DAILY ALERTS   $15 ONE TIME FEE!  BEAT THAT üëáüëá üö®LINK IN BIOüö®,en,[],[],[],0,0,0,[],"['penn', 'mara', 'fsr', 'tsla', 'opti', 'spy', 'aapl', 'pltr', 'sos', 'srne', 'snap', 'fb', 'coin', 'btbt', 'aal', 'dkng', 'mvis', 'sndl', 'nakd', 'nio', 'gme', 'sunw', 'fubo', 'amd', 'amc', 'coin', 'wkhs', 'riot', 'msft', 'spce']",https://twitter.com/Right__Stocks/status/1425940160428920835,False,,0,,,,,,,,[],,,,
1425939724125020165,1425939724125020165,2021-08-12 21:58:17 UTC,2021-08-12,21:58:17,+0000,717064457923477504,kaariorbiter,Kaari Orbiter,,$SNAP $PINS $TWTR $FB $GOOGL  https://t.co/V69UdwS2pa,en,[],[],['https://pbs.twimg.com/media/E8n0m1sWYAABDEs.jpg'],0,0,0,[],"['snap', 'pins', 'twtr', 'fb', 'googl']",https://twitter.com/KaariOrbiter/status/1425939724125020165,False,,1,https://pbs.twimg.com/media/E8n0m1sWYAABDEs.jpg,,,,,,,[],,,,
1425939719926517763,1425939719926517763,2021-08-12 21:58:16 UTC,2021-08-12,21:58:16,+0000,17124991,fibonacciqueen,Carolyn Boroden,,"Setup in $SNAP, with @TraderTammy1   https://t.co/0nSljPBjff SNAP is a Royal setup. Be sure to wait for triggers.  #Fibonacci",en,"[{'screen_name': 'tradertammy1', 'name': 'fibonacci princess aka trader tammy', 'id': '1080617147540426752'}]",['https://bit.ly/3yJv1gW'],[],0,0,22,['fibonacci'],['snap'],https://twitter.com/Fibonacciqueen/status/1425939719926517763,False,,0,,,,,,,,[],,,,
1425938415346851840,1425938415346851840,2021-08-12 21:53:05 UTC,2021-08-12,21:53:05,+0000,1052709145369923584,chucknfones,Chuck,,$SNAP took the 2X Inside week up off a 3 to ATH then comes back in and turns red. It tried to expand but sellers stepped in. Setting up a potential rev strat week next week thru 2X inside week that drops into a 3 hmmm. üëÄ M goes red at $74.29 #thestrat  https://t.co/cLT9bruz6f,en,[],[],['https://pbs.twimg.com/media/E8nzRAAUYAI1VT6.jpg'],0,0,1,['thestrat'],['snap'],https://twitter.com/chucknfones/status/1425938415346851840,False,,1,https://pbs.twimg.com/media/E8nzRAAUYAI1VT6.jpg,,,,,,,[],,,,
1425936011725475846,1425917531852738564,2021-08-12 21:43:32 UTC,2021-08-12,21:43:32,+0000,1346533413453369344,fedprinter1,fedprinter,,"@ThetaWarrior Hi theta, could you check $snap?",en,[],[],[],0,0,0,[],['snap'],https://twitter.com/fedprinter1/status/1425936011725475846,False,,0,,,,,,,,"[{'screen_name': 'ThetaWarrior', 'name': 'Theta Warrior', 'id': '985721299078070272'}]",,,,
1425935843521351680,1425935843521351680,2021-08-12 21:42:52 UTC,2021-08-12,21:42:52,+0000,1425602898860314634,huh713281,HUH,,$snap was my first stock I ever traded back in 2019.  Bought in at 16 I sold in the 30s never bought again. It has been trading in the 70s. Im Not in $wish but we can agree it should be trading in the double digits at least not in the single ones.,en,[],[],[],0,1,2,[],"['snap', 'wish']",https://twitter.com/HUH713281/status/1425935843521351680,False,https://twitter.com/redhoodtrading/status/1425926711917617155,0,,,,,,,,[],,,,
1425935547156123649,1425935547156123649,2021-08-12 21:41:41 UTC,2021-08-12,21:41:41,+0000,1375467907212308486,prodeskvtf,Pro Desk VTF¬Æ,,Derrick &amp; the Pro Desk's Afternoon Meeting 8/12 &gt; coverage includes $SPY $QQQ $IWM $AAPL $MSFT $DM $XONE $FSR $CLOV $TLT $DDD $SNAP    https://t.co/9ZvhD2W2Pg,en,[],['https://www.youtube.com/watch?v=clKk9qJGTWg&t=2s&ab_channel=T3Live'],[],0,0,0,[],"['spy', 'qqq', 'iwm', 'aapl', 'msft', 'dm', 'xone', 'fsr', 'clov', 'tlt', 'ddd', 'snap']",https://twitter.com/ProDeskVTF/status/1425935547156123649,False,,0,,,,,,,,[],,,,
1425935388749836294,1425926711917617155,2021-08-12 21:41:03 UTC,2021-08-12,21:41:03,+0000,1353316208062427136,toddfathr,toddfather,,"@redhoodtrading @MrZackMorris I bought $SNAP at ipo, around $20. I rode it down to $4.99 and back up to $75 today.    I just loaded the truck with $WISH in the $7.40‚Äôs.  Let‚Äôs hope it‚Äôs a3-4 bagger too üôåüí∞  https://t.co/7wCGAyzy6g",en,[],[],['https://pbs.twimg.com/tweet_video_thumb/E8nwrHwWUAAU5Di.jpg'],0,1,5,[],"['snap', 'wish']",https://twitter.com/toddfathr/status/1425935388749836294,False,,1,https://pbs.twimg.com/tweet_video_thumb/E8nwrHwWUAAU5Di.jpg,,,,,,,"[{'screen_name': 'redhoodtrading', 'name': 'Red Hood Trading', 'id': '1418043928671043593'}, {'screen_name': 'MrZackMorris', 'name': 'Zack Morris', 'id': '373620043'}]",,,,
1425935358684971014,1425917907222028295,2021-08-12 21:40:56 UTC,2021-08-12,21:40:56,+0000,4926322139,rothlra,cousin greg trades,,"@MrZackMorris I started trading in 2016 and was shook out of $shop, $amd, $sq, and $snap all within the next 4-5 years could have been 100-1000%ers  Biggest regret was not having conviction in names I knew were successful companies.   Realize, if you want quick money go to a casino.",en,[],[],[],1,0,2,[],"['shop', 'amd', 'sq', 'snap']",https://twitter.com/RothlRA/status/1425935358684971014,False,,0,,,,,,,,"[{'screen_name': 'MrZackMorris', 'name': 'Zack Morris', 'id': '373620043'}]",,,,
1425935314569158657,1425904302737006605,2021-08-12 21:40:46 UTC,2021-08-12,21:40:46,+0000,1346533413453369344,fedprinter1,fedprinter,,@optionsprochick Could you review $snap? Is the breakout done,en,[],[],[],0,0,0,[],['snap'],https://twitter.com/fedprinter1/status/1425935314569158657,False,,0,,,,,,,,"[{'screen_name': 'optionsprochick', 'name': 'Pro Trader - Kay', 'id': '1072667998966743041'}]",,,,
1425934367931518977,1425934367931518977,2021-08-12 21:37:00 UTC,2021-08-12,21:37:00,+0000,1259215707817955328,cho_wilfred,Wilfred Cho,,QuarterUp40 $SNAP $75.27 -1.65% -2.65% 17.70% 44.36% 57.68 $SNOW $285.76 3.59% 3.17% 7.99% 47.44% 64.73 $SPCE $25.85 -5.52% -18.01% -31.54% 44.01% 36.71 $STFC $49.90 -0.18% -0.04% -0.18% 179.87% 85.22 $TEAM $335.25 0.81% -2.10% 28.38% 55.33% 73.21,en,[],[],[],0,0,0,[],"['snap', 'snow', 'spce', 'stfc', 'team']",https://twitter.com/cho_wilfred/status/1425934367931518977,False,,0,,,,,,,,[],,,,
1425934259336974339,1425934259336974339,2021-08-12 21:36:34 UTC,2021-08-12,21:36:34,+0000,3646985662,sbwcws,ALGO BOT NEWS,,"UK's competition watchdog may force Facebook to sell Giphy, Guardian reports $FB $SNAP $TWTR",en,[],[],[],0,0,1,[],"['fb', 'snap', 'twtr']",https://twitter.com/sbwcws/status/1425934259336974339,False,,0,,,,,,,,[],,,,
1425933589598900233,1425933589598900233,2021-08-12 21:33:54 UTC,2021-08-12,21:33:54,+0000,1218208096889208834,jpatrades,John Trades,,What names do you want my buy zones for tomorrow üòÉ  Comment below ü§©  $AMC $DDD $MVST $GME $AMD $NVDA $AMZN $RBLX $SNAP $BA $TSLA $PLTR $SQ $AAPL $COIN $FB $DKNG $PLUG $NFLX $NIO #FinTwitt #investing #stockmarketnews #fintwit #invest,en,[],[],[],5,2,2,"['fintwitt', 'investing', 'stockmarketnews', 'fintwit', 'invest']","['amc', 'ddd', 'mvst', 'gme', 'amd', 'nvda', 'amzn', 'rblx', 'snap', 'ba', 'tsla', 'pltr', 'sq', 'aapl', 'coin', 'fb', 'dkng', 'plug', 'nflx', 'nio']",https://twitter.com/JPATrades/status/1425933589598900233,False,,0,,,,,,,,[],,,,
1425933108432580635,1425933108432580635,2021-08-12 21:32:00 UTC,2021-08-12,21:32:00,+0000,1336316962570260481,alwaysatrader,James Cooper üìàüí∞,,Congratulations to all who followed our playsüí∏üëè  $AAPL   $TSLA   $AMZN   $FB   üéØ~Chat-Room details in Bio~üéØ  Welcome !  $NFLX $AMD $SPY $MSFT $NIO $NVDA $TWTR $BB $NOK $QQQ $AMC $GME $SNAP $PLTR $CCIV $PLUG $SQ $GE $ZOM $F $SPCE $FCEL $ACB $OCGN $WHS $SHOP $TLRY $MU  #stocks  https://t.co/4sC0hDsWnf,en,[],[],['https://pbs.twimg.com/media/E8mifJqUYAQiE0Q.jpg'],0,0,0,['stocks'],"['aapl', 'tsla', 'amzn', 'fb', 'nflx', 'amd', 'spy', 'msft', 'nio', 'nvda', 'twtr', 'bb', 'nok', 'qqq', 'amc', 'gme', 'snap', 'pltr', 'cciv', 'plug', 'sq', 'ge', 'zom', 'f', 'spce', 'fcel', 'acb', 'ocgn', 'whs', 'shop', 'tlry', 'mu']",https://twitter.com/Alwaysatrader/status/1425933108432580635,False,,1,https://pbs.twimg.com/media/E8mifJqUYAQiE0Q.jpg,,,,,,,[],,,,
1425932606743486472,1425932606743486472,2021-08-12 21:30:00 UTC,2021-08-12,21:30:00,+0000,1376323194567729152,aftalerts,AFT Alerts,,"TICKER: $SNAP SIZE: 124,184 PRICE: $75.26 TIME: 16:10:00 AMOUNT: $9,346,088",en,[],[],[],0,0,0,[],['snap'],https://twitter.com/AFTAlerts/status/1425932606743486472,False,,0,,,,,,,,[],,,,
1425931703063744519,1425931703063744519,2021-08-12 21:26:25 UTC,2021-08-12,21:26:25,+0000,1417857228334256134,kaliyas2,Kaliyas,,Get alerts and updates and free trading analysis click here   $CLDR $NOK $ABEV $ZNGA $SAVE $MGM $C $ET $PBR $SNAP $XOM $LUV $MSFT $ITUB $BBD $HAL $INTC $SIRI $KEY $RCL  $CHK $GILD $VAL $OAS $DGLY $NE $SPCB $WLL $MRO $AMC  https://t.co/rjT6JFmpiY,en,[],[],['https://pbs.twimg.com/media/E8ntUWpWEAw7_Nz.jpg'],0,0,0,[],"['cldr', 'nok', 'abev', 'znga', 'save', 'mgm', 'c', 'et', 'pbr', 'snap', 'xom', 'luv', 'msft', 'itub', 'bbd', 'hal', 'intc', 'siri', 'key', 'rcl', 'chk', 'gild', 'val', 'oas', 'dgly', 'ne', 'spcb', 'wll', 'mro', 'amc']",https://twitter.com/Kaliyas2/status/1425931703063744519,False,,1,https://pbs.twimg.com/media/E8ntUWpWEAw7_Nz.jpg,,,,,,,[],,,,
1425931508750061569,1425931508750061569,2021-08-12 21:25:38 UTC,2021-08-12,21:25:38,+0000,1417857228334256134,kaliyas2,Kaliyas,,Get ahead of the trend here at Xtraders   Congrats to all who played!   See you tomorrowüìà  $AMZN $AAPL $BA $BABA $FB $TSLA $MSFT $ROKU $AMC $SPX $SPY $TDOC $GME $ZM $NVDA $BYND $SNAP $TGT $PYPL $SONO  https://t.co/QZ96372OvN,en,[],[],['https://pbs.twimg.com/media/E8ntJMSXMAQKSU9.jpg'],0,0,0,[],"['amzn', 'aapl', 'ba', 'baba', 'fb', 'tsla', 'msft', 'roku', 'amc', 'spx', 'spy', 'tdoc', 'gme', 'zm', 'nvda', 'bynd', 'snap', 'tgt', 'pypl', 'sono']",https://twitter.com/Kaliyas2/status/1425931508750061569,False,,1,https://pbs.twimg.com/media/E8ntJMSXMAQKSU9.jpg,,,,,,,[],,,,
1425931376365379591,1425931376365379591,2021-08-12 21:25:07 UTC,2021-08-12,21:25:07,+0000,1257078810383695872,mrpennies1,Stock Dog,,"all the people saying ‚Äúwell $SNAP was actually good company, you can‚Äôt compare them‚Äù if that‚Äôs the case then why did it selloff 17% to 5.70 if everyone knew it was such a good company? Guarantee people were saying $SNAP was trash and couldnt compete back then just like $WISH now",en,[],[],[],0,0,2,[],"['snap', 'snap', 'wish']",https://twitter.com/mrpennies1/status/1425931376365379591,False,https://twitter.com/redhoodtrading/status/1425926711917617155,0,,,,,,,,[],,,,
1425931363392253954,1425931363392253954,2021-08-12 21:25:04 UTC,2021-08-12,21:25:04,+0000,1417857228334256134,kaliyas2,Kaliyas,,"Have a great weekend! Just a reminder, the market is closed on Monday due to MLK day! See you Tuesday!  $AMZN $AAPL $BA $BABA $FB $TSLA $MSFT $ROKU $NKLA $SPX $SPY $TDOC $COST $ZM $NVDA $BYND $SNAP $TGT $PYPL $RCL $MRNA  https://t.co/BLfTlMYZfR",en,[],[],['https://pbs.twimg.com/media/E8ntBIQXEAAafrK.jpg'],2,0,0,[],"['amzn', 'aapl', 'ba', 'baba', 'fb', 'tsla', 'msft', 'roku', 'nkla', 'spx', 'spy', 'tdoc', 'cost', 'zm', 'nvda', 'bynd', 'snap', 'tgt', 'pypl', 'rcl', 'mrna']",https://twitter.com/Kaliyas2/status/1425931363392253954,False,,1,https://pbs.twimg.com/media/E8ntBIQXEAAafrK.jpg,,,,,,,[],,,,
1425931282945650691,1425931282945650691,2021-08-12 21:24:45 UTC,2021-08-12,21:24:45,+0000,235565688,bfairclough23,Ben Fairclough,,"The #metaverse has been a part of my investment thesis in the following names:  $SNAP, $AAPL, $DIS, $NVDA, $DKNG.  Which company stands the most to gain by this mega trend?",en,[],[],[],1,0,1,['metaverse'],"['snap', 'aapl', 'dis', 'nvda', 'dkng']",https://twitter.com/BFairclough23/status/1425931282945650691,False,,0,,,,,,,,[],,,,
1425931162434764802,1425931162434764802,2021-08-12 21:24:16 UTC,2021-08-12,21:24:16,+0000,1417857228334256134,kaliyas2,Kaliyas,,Excited for the start Tomorrow!! So many great setups üìà üéØLearn how to trade the right way   $AMZN $AAPL $BA $BABA $FB $TSLA $MSFT $ROKU $NKLA  $SPY $TDOC $COST $ZM $NVDA $BYND $SNAP $TGT $PYPL  $QQQ $XLP  $NIO $SQ $CRWD  https://t.co/57AbOWmNim,en,[],[],['https://pbs.twimg.com/media/E8ns1ELWEAAvCo8.jpg'],0,0,0,[],"['amzn', 'aapl', 'ba', 'baba', 'fb', 'tsla', 'msft', 'roku', 'nkla', 'spy', 'tdoc', 'cost', 'zm', 'nvda', 'bynd', 'snap', 'tgt', 'pypl', 'qqq', 'xlp', 'nio', 'sq', 'crwd']",https://twitter.com/Kaliyas2/status/1425931162434764802,False,,1,https://pbs.twimg.com/media/E8ns1ELWEAAvCo8.jpg,,,,,,,[],,,,
